timestamp_utc,label,experiment,server,workload,total_connections,active_connections,clients,load_workers,server_affinity,server_affinity_applied,worker_affinity,worker_affinity_applied,run,duration_s,global_offered_rate_s,payload_bytes,offered_operations,sent_operations,missed_offers,offered_msg_s,completed_by_deadline,eventual_completions,completed_by_deadline_msg_s,delivered,delivered_by_deadline_msg_s,inbound_messages_s,outbound_deliveries_s,per_socket_receive_rate_s,fan_out,delivery_ratio,latency_samples,p50_ms,p95_ms,p99_ms,generator_cpu_percent,server_cpu_percent,scheduling_lag_p50_ms,scheduling_lag_p95_ms,scheduling_lag_p99_ms,max_read_service_gap_ms,worker_start_skew_ms,client_disconnects,send_errors,client_partial_sends,client_send_eagain,server_crashed,diagnostic_mode,profile_started,profile_command,profile_events,profile_error,harness_error,server_disconnects,disconnect_reasons,wait_calls,total_events,events_per_wait_p50,events_per_wait_p95,events_per_wait_max,full_event_batches,epoll_ctl_add,epoll_ctl_mod,epoll_ctl_del,immediate_write_successes,partial_writes,send_calls,recv_calls,send_eagain,recv_eagain,bytes_read,bytes_written,queue_overflows,disconnects,queue_high_water_bytes,queue_high_water_messages,missed_offer_ratio,deadline_completion_ratio,cpu_per_completed_request_us,valid,invalid_reasons
2026-08-08T01:54:24.040190+00:00,poll,sparse,/home/dhruv/Documents/Programming/event-driven-chat-server/poll(2)/server,direct,1000,1,1000,4,0,True,"2,4,5,6",True,1,10.0,2000.0,0,20000,20000,0,2000.0,19998,20000,1999.8,20000,1999.8,2000.0,1999.8,1.9998,1,1.0,20000,0.4096505,1.4726333999999999,2.664481019999999,11.22465311,42.7,0.4700515,1.0677651499999998,2.2438194799999915,0.013999,0.981011,0,0,0,0,False,none,False,,,,,0,,10159,10159,1,1,1,0,0,0,0,20000,0,20000,22756,0,10159,120000,720000,0,0,0,0,0.0,0.9999,213.5,True,
2026-08-08T01:54:36.305126+00:00,epoll,sparse,/home/dhruv/Documents/Programming/event-driven-chat-server/epoll/server,direct,1000,1,1000,4,0,True,"2,4,5,6",True,1,10.0,2000.0,0,20000,19996,4,1999.6,19995,19996,1999.5,19996,1999.5,1999.6,1999.5,1.9995,1,1.0,19996,0.1402875,1.2948445,2.6408792499999962,12.067717819999999,3.3000000000000003,0.5624315,1.05949225,2.2949474499999964,0.015445,0.952055,0,0,0,0,False,none,False,,,,,0,,16128,16128,1,1,1,0,0,0,0,19996,0,19996,34104,0,16128,119976,719856,0,0,0,0,0.0002,0.9999499899979996,16.503300660132027,True,
2026-08-08T01:54:48.457838+00:00,poll,sparse,/home/dhruv/Documents/Programming/event-driven-chat-server/poll(2)/server,direct,1000,10,1000,4,0,True,"2,4,5,6",True,1,10.0,2000.0,0,20000,20000,0,2000.0,19998,20000,1999.8,20000,1999.8,2000.0,1999.8,1.9998,1,1.0,20000,0.1887235,0.6329932499999996,2.307238019999999,12.92119483,43.8,0.5814630000000001,1.0645998,2.16673144,0.10198,0.873606,0,0,0,0,False,none,False,,,,,0,,17972,19997,1,2,8,0,0,0,0,20000,0,20000,39997,0,19997,120000,720000,0,0,0,0,0.0,0.9999,219.0,True,
2026-08-08T01:55:00.587311+00:00,epoll,sparse,/home/dhruv/Documents/Programming/event-driven-chat-server/epoll/server,direct,1000,10,1000,4,0,True,"2,4,5,6",True,1,10.0,2000.0,0,20000,19999,1,1999.9,19999,19999,1999.9,19999,1999.9,1999.9,1999.9,1.9999,1,1.0,19999,0.065789,0.40452940000000004,1.87253764,19.0000004,5.2,0.581037,1.0805566,2.690053240000005,0.154559,0.773064,0,0,0,0,False,none,False,,,,,0,,18630,19999,1,2,8,0,0,0,0,19999,0,19999,39998,0,19999,119994,719964,0,0,0,0,5e-05,1.0,26.00130006500325,True,
2026-08-08T01:55:12.816265+00:00,poll,sparse,/home/dhruv/Documents/Programming/event-driven-chat-server/poll(2)/server,direct,1000,100,1000,4,0,True,"2,4,5,6",True,1,10.0,2000.0,0,20000,20000,0,2000.0,19999,20000,1999.9,20000,1999.9,2000.0,1999.9,1.9999,1,1.0,20000,0.2137105,0.5425768999999999,1.656749639999999,15.685933160000001,48.80000000000001,0.593382,1.0605595499999998,2.2350611199999855,0.201134,2.066948,0,0,0,0,False,none,False,,,,,0,,17980,20000,1,2,9,0,0,0,0,20000,0,20000,40000,0,20000,120000,720000,0,0,0,0,0.0,0.99995,244.00000000000006,True,
2026-08-08T01:55:24.931960+00:00,epoll,sparse,/home/dhruv/Documents/Programming/event-driven-chat-server/epoll/server,direct,1000,100,1000,4,0,True,"2,4,5,6",True,1,10.0,2000.0,0,20000,20000,0,2000.0,19999,20000,1999.9,20000,1999.9,2000.0,1999.9,1.9999,1,1.0,20000,0.072154,0.590089199999998,2.178514359999996,22.99846494,5.1000000000000005,0.599947,1.1047237999999995,2.734212,0.259396,0.871035,0,0,0,0,False,none,False,,,,,0,,18109,20000,1,2,10,0,0,0,0,20000,0,20000,40000,0,20000,120000,720000,0,0,0,0,0.0,0.99995,25.500000000000004,True,
2026-08-08T01:55:40.132742+00:00,poll,sparse,/home/dhruv/Documents/Programming/event-driven-chat-server/poll(2)/server,direct,5000,1,5000,4,0,True,"2,4,5,6",True,1,10.0,2000.0,0,20000,20000,0,2000.0,19995,20000,1999.5,20000,1999.5,2000.0,1999.5,0.3999,1,1.0,20000,2.9285765,5.904259849999999,7.178481159999989,14.24444905,99.70000000000002,0.576311,1.3213818999999984,3.0929355899999993,0.022628,0.692252,0,0,0,0,False,none,False,,,,,0,,2001,2001,1,1,1,0,0,0,0,20000,0,20000,5998,0,2001,120000,720000,0,0,0,0,0.0,0.99975,498.5000000000001,True,
2026-08-08T01:55:53.322565+00:00,epoll,sparse,/home/dhruv/Documents/Programming/event-driven-chat-server/epoll/server,direct,5000,1,5000,4,0,True,"2,4,5,6",True,1,10.0,2000.0,0,20000,20000,0,2000.0,19999,20000,1999.9,20000,1999.9,2000.0,1999.9,0.39998,1,1.0,20000,0.15405649999999999,1.4048131,2.8098526999999964,12.15596616,3.4999999999999996,0.5620365,1.0635662000000001,2.365164869999998,0.023903,1.808208,0,0,0,0,False,none,False,,,,,0,,15667,15667,1,1,1,0,0,0,0,20000,0,20000,33401,0,15667,120000,720000,0,0,0,0,0.0,0.99995,17.499999999999996,True,
2026-08-08T01:56:07.809967+00:00,poll,sparse,/home/dhruv/Documents/Programming/event-driven-chat-server/poll(2)/server,direct,5000,10,5000,4,0,True,"2,4,5,6",True,1,10.0,2000.0,0,20000,19999,1,1999.9,19989,19999,1998.9,19999,1998.9,1999.9,1998.9,0.39978,1,1.0,19999,4.359782,5.871833099999999,7.2702555800000015,32.31075904,99.8,0.58072,1.3154525999999906,2.99473834,0.156147,0.930836,0,0,0,0,False,none,False,,,,,0,,5417,19426,4,6,8,0,0,0,0,19999,0,19999,39034,0,19426,119994,719964,0,0,0,0,5e-05,0.99949997499875,499.0249512475624,True,
2026-08-08T01:56:20.962215+00:00,epoll,sparse,/home/dhruv/Documents/Programming/event-driven-chat-server/epoll/server,direct,5000,10,5000,4,0,True,"2,4,5,6",True,1,10.0,2000.0,0,20000,19999,1,1999.9,19999,19999,1999.9,19999,1999.9,1999.9,1999.9,0.39998,1,1.0,19999,0.071249,0.9289925,2.478226360000001,21.94961177,5.1000000000000005,0.579145,1.1026541999999973,2.7334988400000038,0.195511,1.429882,0,0,0,0,False,none,False,,,,,0,,17984,19998,1,2,9,0,0,0,0,19999,0,19999,39997,0,19998,119994,719964,0,0,0,0,5e-05,1.0,25.50127506375319,True,
2026-08-08T01:56:36.160758+00:00,poll,sparse,/home/dhruv/Documents/Programming/event-driven-chat-server/poll(2)/server,direct,5000,100,5000,4,0,True,"2,4,5,6",True,1,10.0,2000.0,0,20000,20000,0,2000.0,19991,20000,1999.1,20000,1999.1,2000.0,1999.1,0.39982,1,1.0,20000,3.3057745,4.71241255,6.0380421799999935,40.55818875,99.8,0.57999,1.3259062499999998,3.1240967899999994,0.20404,0.918141,0,0,0,0,False,none,False,,,,,0,,4959,20000,4,6,20,0,0,0,0,20000,0,20000,40000,0,20000,120000,720000,0,0,0,0,0.0,0.99955,499.0,True,
2026-08-08T01:56:49.295635+00:00,epoll,sparse,/home/dhruv/Documents/Programming/event-driven-chat-server/epoll/server,direct,5000,100,5000,4,0,True,"2,4,5,6",True,1,10.0,2000.0,0,20000,19999,1,1999.9,19999,19999,1999.9,19999,1999.9,1999.9,1999.9,0.39998,1,1.0,19999,0.081946,0.8389931999999978,2.4316577400000026,27.17252956,5.499999999999999,0.598806,1.1764696999999995,2.8369673,0.128278,1.076539,0,0,0,0,False,none,False,,,,,0,,17906,19999,1,2,10,0,0,0,0,19999,0,19999,39998,0,19999,119994,719964,0,0,0,0,5e-05,1.0,27.501375068753433,True,
2026-08-08T01:57:16.437149+00:00,poll,sparse,/home/dhruv/Documents/Programming/event-driven-chat-server/poll(2)/server,direct,10000,1,10000,4,0,True,"2,4,5,6",True,1,10.0,2000.0,0,20000,19998,2,1999.8,19965,19997,1996.5,19997,1996.5,1999.8,1996.5,0.19965,1,0.9999499949995,19997,7.015864,13.635483400000002,16.762879320000003,16.612035139999996,99.89999999999999,0.6130465,1.895791199999997,3.376144949999999,0.032914,1.2198,0,0,0,0,False,none,False,,,,,0,,821,821,1,1,1,0,0,0,0,19997,0,19997,2404,0,744,119988,719892,0,0,0,0,0.0001,0.9983498349834984,499.574936240436,True,
2026-08-08T01:57:30.975924+00:00,epoll,sparse,/home/dhruv/Documents/Programming/event-driven-chat-server/epoll/server,direct,10000,1,10000,4,0,True,"2,4,5,6",True,1,10.0,2000.0,0,20000,20000,0,2000.0,19999,20000,1999.9,20000,1999.9,2000.0,1999.9,0.19999,1,1.0,20000,0.234837,1.6168259999999999,3.4080130799999813,22.999643980000002,5.1000000000000005,0.6133919999999999,1.354009199999998,3.0703399299999954,0.028313,0.792849,0,0,0,0,False,none,False,,,,,0,,15955,15955,1,1,1,0,0,0,0,20000,0,20000,33363,0,15955,120000,720000,0,0,0,0,0.0,0.99995,25.500000000000004,True,
2026-08-08T01:58:01.819986+00:00,poll,sparse,/home/dhruv/Documents/Programming/event-driven-chat-server/poll(2)/server,direct,10000,10,10000,4,0,True,"2,4,5,6",True,1,10.0,2000.0,0,20000,19999,1,1999.9,19985,19999,1998.5,19999,1998.5,1999.9,1998.5,0.19985,1,1.0,19999,5.821652,9.6578161,11.15868092,41.47509975,99.89999999999999,0.607883,1.8100452999999994,3.2801640800000014,0.242747,0.879721,0,0,0,0,False,none,False,,,,,0,,2119,10281,5,8,10,0,0,0,0,19999,0,19999,21210,0,10281,119994,719964,0,0,0,0,5e-05,0.9992999649982499,499.5249762488123,True,
2026-08-08T01:58:16.265755+00:00,epoll,sparse,/home/dhruv/Documents/Programming/event-driven-chat-server/epoll/server,direct,10000,10,10000,4,0,True,"2,4,5,6",True,1,10.0,2000.0,0,20000,19999,1,1999.9,19999,19999,1999.9,19999,1999.9,1999.9,1999.9,0.19999,1,1.0,19999,0.11255,0.8218790999999996,2.47096274,35.0042608,6.7,0.604809,1.377243399999999,3.01715102,0.157876,0.929243,0,0,0,0,False,none,False,,,,,0,,18113,19997,1,2,9,0,0,0,0,19999,0,19999,39996,0,19997,119994,719964,0,0,0,0,5e-05,1.0,33.501675083754186,True,
2026-08-08T01:58:44.684607+00:00,poll,sparse,/home/dhruv/Documents/Programming/event-driven-chat-server/poll(2)/server,direct,10000,100,10000,4,0,True,"2,4,5,6",True,1,10.0,2000.0,0,20000,20000,0,2000.0,19985,20000,1998.5,20000,1998.5,2000.0,1998.5,0.19985,1,1.0,20000,7.6713935,10.746767,12.24001101,42.83369156,99.79999999999997,0.6044784999999999,1.7719754999999988,3.375171199999999,3.75137,1.044893,0,0,0,0,False,none,False,,,,,0,,2006,19993,10,13,17,0,0,0,0,19993,0,19993,39986,0,19993,119958,719748,0,0,0,0,0.0,0.99925,498.99999999999983,True,
2026-08-08T01:58:59.277667+00:00,epoll,sparse,/home/dhruv/Documents/Programming/event-driven-chat-server/epoll/server,direct,10000,100,10000,4,0,True,"2,4,5,6",True,1,10.0,2000.0,0,20000,19998,2,1999.8,19998,19998,1999.8,19998,1999.8,1999.8,1999.8,0.19998,1,1.0,19998,0.1371375,1.16590735,2.916418439999996,42.49637369,7.199999999999999,0.624216,1.9596478,3.0276872,0.240931,0.887231,0,0,0,0,False,none,False,,,,,0,,17386,19998,1,2,9,0,0,0,0,19998,0,19998,39996,0,19998,119988,719928,0,0,0,0,0.0001,1.0,36.003600360036,True,
2026-08-08T02:00:16.580289+00:00,poll,sparse,/home/dhruv/Documents/Programming/event-driven-chat-server/poll(2)/server,direct,20000,1,20000,4,0,True,"2,4,5,6",True,1,10.0,2000.0,0,20000,19999,1,1999.9,19988,19999,1998.8,19999,1998.8,1999.9,1998.8,0.09994,1,1.0,19999,8.462947,21.465638699999996,26.798987820000004,13.975004110000002,100.0,0.593523,1.2249310999999958,2.981674040000001,0.013065,1.036516,0,0,0,0,False,none,False,,,,,0,,831,831,1,1,1,0,0,0,0,19999,0,19999,2198,0,536,119994,719964,0,0,0,0,5e-05,0.9994499724986249,500.02500125006253,True,
2026-08-08T02:00:36.210841+00:00,epoll,sparse,/home/dhruv/Documents/Programming/event-driven-chat-server/epoll/server,direct,20000,1,20000,4,0,True,"2,4,5,6",True,1,10.0,2000.0,0,20000,20000,0,2000.0,19999,20000,1999.9,20000,1999.9,2000.0,1999.9,0.099995,1,1.0,20000,0.205178,1.45613975,2.821587129999985,19.054700650000004,3.9999999999999996,0.591872,1.1314773999999996,2.7271518599999935,0.024043,0.90289,0,0,0,0,False,none,False,,,,,0,,16559,16559,1,1,1,0,0,0,0,20000,0,20000,34368,0,16559,120000,720000,0,0,0,0,0.0,0.99995,19.999999999999996,True,
2026-08-08T02:01:47.608074+00:00,poll,sparse,/home/dhruv/Documents/Programming/event-driven-chat-server/poll(2)/server,direct,20000,10,20000,4,0,True,"2,4,5,6",True,1,10.0,2000.0,0,20000,19999,1,1999.9,19985,19999,1998.5,19999,1998.5,1999.9,1998.5,0.099925,1,1.0,19999,9.555902,15.964588099999999,17.333804880000002,29.19507811,99.90000000000009,0.6141,1.4300717999999977,3.1987366,0.196904,2.717148,0,0,0,0,False,none,False,,,,,0,,1219,6177,5,7,9,0,0,0,0,19999,0,19999,18273,0,6177,119994,719964,0,0,0,0,5e-05,0.9992999649982499,499.5249762488129,True,
2026-08-08T02:02:06.683441+00:00,epoll,sparse,/home/dhruv/Documents/Programming/event-driven-chat-server/epoll/server,direct,20000,10,20000,4,0,True,"2,4,5,6",True,1,10.0,2000.0,0,20000,19999,1,1999.9,19998,19999,1999.8,19999,1999.8,1999.9,1999.8,0.09999,1,1.0,19999,0.085398,1.1572520999999962,2.696556740000002,25.276431219999996,5.6000000000000005,0.600231,1.2655287999999996,2.9739924800000046,0.206675,0.791014,0,0,0,0,False,none,False,,,,,0,,17554,19994,1,2,9,0,0,0,0,19999,0,19999,39993,0,19994,119994,719964,0,0,0,0,5e-05,0.999949997499875,28.001400070003506,True,
2026-08-08T02:03:15.080033+00:00,poll,sparse,/home/dhruv/Documents/Programming/event-driven-chat-server/poll(2)/server,direct,20000,100,20000,4,0,True,"2,4,5,6",True,1,10.0,2000.0,0,20000,19999,1,1999.9,19970,19999,1997.0,19999,1997.0,1999.9,1997.0,0.09985,1,1.0,19999,12.596718,17.052269799999998,19.18762608,31.38176533,99.90000000000002,0.6312,1.9706141,3.3397135000000002,0.305751,3.202125,0,0,0,0,False,none,False,,,,,0,,1203,19988,17,20,25,0,0,0,0,19988,0,19988,39976,0,19988,119928,719568,0,0,0,0,5e-05,0.9985499274963748,499.52497624881255,True,
2026-08-08T02:03:33.700316+00:00,epoll,sparse,/home/dhruv/Documents/Programming/event-driven-chat-server/epoll/server,direct,20000,100,20000,4,0,True,"2,4,5,6",True,1,10.0,2000.0,0,20000,20000,0,2000.0,19999,20000,1999.9,20000,1999.9,2000.0,1999.9,0.099995,1,1.0,20000,0.1012045,0.8297293499999993,2.5833090199999957,32.45295493000001,6.099999999999999,0.629983,1.1983326999999995,2.7999945299999984,0.176635,0.929256,0,0,0,0,False,none,False,,,,,0,,17676,20000,1,2,9,0,0,0,0,20000,0,20000,40000,0,20000,120000,720000,0,0,0,0,0.0,0.99995,30.499999999999993,True,
2026-08-08T02:03:45.769914+00:00,poll,dense,/home/dhruv/Documents/Programming/event-driven-chat-server/poll(2)/server,direct,100,100,100,4,0,True,"2,4,5,6",True,1,10.0,1000.0,0,10000,9999,1,999.9,9999,9999,999.9,9999,999.9,999.9,999.9,9.999,1,1.0,9999,0.231336,0.9347578000000004,2.5943631800000118,21.62514919,10.7,0.646503,1.5494876000000042,2.8230659800000004,0.198804,0.579588,0,0,0,0,False,none,False,,,,,0,,9552,9999,1,1,5,0,0,0,0,9999,0,9999,19998,0,9999,59994,359964,0,0,0,0,0.0001,1.0,107.010701070107,True,
2026-08-08T02:03:57.791999+00:00,epoll,dense,/home/dhruv/Documents/Programming/event-driven-chat-server/epoll/server,direct,100,100,100,4,0,True,"2,4,5,6",True,1,10.0,1000.0,0,10000,9999,1,999.9,9999,9999,999.9,9999,999.9,999.9,999.9,9.999,1,1.0,9999,0.171667,0.7719754000000008,2.435935360000006,21.911096590000003,5.500000000000001,0.613673,1.6036277,3.02797742,0.100589,0.466275,0,0,0,0,False,none,False,,,,,0,,9644,9999,1,1,4,0,0,0,0,9999,0,9999,19998,0,9999,59994,359964,0,0,0,0,0.0001,1.0,55.00550055005502,True,
2026-08-08T02:04:10.018517+00:00,poll,dense,/home/dhruv/Documents/Programming/event-driven-chat-server/poll(2)/server,direct,100,100,100,4,0,True,"2,4,5,6",True,1,10.0,5000.0,0,50000,49997,3,4999.7,49997,49997,4999.7,49997,4999.7,4999.7,4999.7,49.997,1,1.0,49997,0.10645,0.9149297999999992,2.5562431600000015,50.328743440000004,18.8,0.517404,1.1519484,2.831887880000002,0.219926,3.009917,0,0,0,0,False,none,False,,,,,0,,33546,49997,1,3,22,0,0,0,0,49997,0,49997,99994,0,49997,299982,1799892,0,0,0,0,6e-05,1.0,37.60225613536812,True,
2026-08-08T02:04:22.327199+00:00,epoll,dense,/home/dhruv/Documents/Programming/event-driven-chat-server/epoll/server,direct,100,100,100,4,0,True,"2,4,5,6",True,1,10.0,5000.0,0,50000,49997,3,4999.7,49997,49997,4999.7,49997,4999.7,4999.7,4999.7,49.997,1,1.0,49997,0.100306,1.0474779999999997,2.752953240000002,57.30237146,9.9,0.531411,1.2359497999999993,2.9122146400000033,0.328853,3.634806,0,0,0,0,False,none,False,,,,,0,,38166,49997,1,2,21,0,0,0,0,49997,0,49997,99994,0,49997,299982,1799892,0,0,0,0,6e-05,1.0,19.801188071284276,True,
2026-08-08T02:04:34.616370+00:00,poll,dense,/home/dhruv/Documents/Programming/event-driven-chat-server/poll(2)/server,direct,100,100,100,4,0,True,"2,4,5,6",True,1,10.0,10000.0,0,100000,99997,3,9999.7,99997,99997,9999.7,99997,9999.7,9999.7,9999.7,99.99700000000001,1,1.0,99997,0.117036,0.7571799999999993,2.549715519999998,71.65056972999999,25.1,0.485273,1.1531285999999998,2.8395201599999984,0.445153,0.403714,0,0,0,0,False,none,False,,,,,0,,52029,99997,1,5,48,0,0,0,0,99997,0,99997,199994,0,99997,599982,3599892,0,0,0,0,3e-05,1.0,25.100753022590677,True,
2026-08-08T02:04:46.916992+00:00,epoll,dense,/home/dhruv/Documents/Programming/event-driven-chat-server/epoll/server,direct,100,100,100,4,0,True,"2,4,5,6",True,1,10.0,10000.0,0,100000,99992,8,9999.2,99992,99992,9999.2,99992,9999.2,9999.2,9999.2,99.992,1,1.0,99992,0.097805,1.1017639000000001,2.718545539999997,68.89167385,13.399999999999999,0.49289150000000004,1.1146787499999997,2.6995829099999997,0.405802,0.804617,0,0,0,0,False,none,False,,,,,0,,64807,99992,1,3,43,0,0,0,0,99992,0,99992,199984,0,99992,599952,3599712,0,0,0,0,8e-05,1.0,13.401072085766861,True,
2026-08-08T02:04:59.269248+00:00,poll,dense,/home/dhruv/Documents/Programming/event-driven-chat-server/poll(2)/server,direct,100,100,100,4,0,True,"2,4,5,6",True,1,10.0,25000.0,0,250000,249975,25,24997.5,249974,249975,24997.4,249975,24997.4,24997.5,24997.4,249.97400000000002,1,1.0,249975,0.179163,0.7210967999999998,2.804390520000003,130.64877966999998,48.699999999999996,0.360906,1.1781242999999997,2.9259708399999953,11.606459,1.049268,0,0,0,0,False,none,False,,,,,0,,94112,249547,2,8,98,0,0,0,0,249975,0,249975,499522,0,249547,1499850,8999100,0,0,0,0,0.0001,0.99999599959996,19.481948194819477,True,
2026-08-08T02:05:12.107982+00:00,epoll,dense,/home/dhruv/Documents/Programming/event-driven-chat-server/epoll/server,direct,100,100,100,4,0,True,"2,4,5,6",True,1,10.0,25000.0,0,250000,249994,6,24999.4,249980,249994,24998.0,249994,24998.0,24999.4,24998.0,249.98,1,1.0,249994,0.184687,1.5005519999999861,3.079893290000001,146.4998411,35.7,0.34453,1.1689550499999999,2.88182233,0.775636,0.57076,0,0,0,0,False,none,False,,,,,0,,130741,249366,1,5,100,0,0,0,0,249994,0,249994,499360,0,249366,1499964,8999784,0,0,0,0,2.4e-05,0.9999439986559677,14.280342728225477,True,
2026-08-08T02:05:25.488427+00:00,poll,dense,/home/dhruv/Documents/Programming/event-driven-chat-server/poll(2)/server,direct,100,100,100,4,0,True,"2,4,5,6",True,1,10.0,50000.0,0,500000,499009,991,49900.9,498846,499009,49884.6,499009,49884.6,49900.9,49884.6,498.846,1,1.0,499009,2.11762,3.511577399999997,5.904277639999999,358.49120573999994,91.60000000000001,0.1739865,3.0768722499999983,14.23596415999999,20.837648,1.070547,0,0,0,0,False,none,False,,,,,0,,139828,483454,2,9,100,0,0,0,0,499009,0,499009,970827,0,483454,2994054,17964324,0,0,0,0,0.001982,0.9996733525848231,18.35638234981734,False,read-service gap 20.838 ms above 20.000 ms
2026-08-08T02:05:39.214657+00:00,epoll,dense,/home/dhruv/Documents/Programming/event-driven-chat-server/epoll/server,direct,100,100,100,4,0,True,"2,4,5,6",True,1,10.0,50000.0,0,500000,499994,6,49999.4,499874,499994,49987.4,499994,49987.4,49999.4,49987.4,499.874,1,1.0,499994,2.1110499999999996,3.59234705,5.6821219,332.81486896,58.8,0.16722150000000002,1.8358785499999988,3.74698617,7.876824,0.965023,0,0,0,0,False,none,False,,,,,0,,276886,476101,1,3,100,0,0,0,0,499994,0,499994,957361,0,476101,2999964,17999784,0,0,0,0,1.2e-05,0.9997599971199654,11.76014112169346,True,
2026-08-08T02:05:52.930137+00:00,epoll,dense,/home/dhruv/Documents/Programming/event-driven-chat-server/epoll/server,direct,100,100,100,4,0,True,"2,4,5,6",True,1,10.0,100000.0,0,1000000,858320,141680,85832.0,858142,858320,85814.2,858320,85814.2,85832.0,85814.2,858.1419999999999,1,1.0,858320,2.1413415000000002,7.804894499999996,11.628312019999997,384.15716046,81.5,14.9513815,20.306152249999997,20.47891195,4.219743,2.315733,0,0,0,0,False,none,False,,,,,0,,200663,478418,1,5,100,0,0,0,0,858315,0,858315,1022371,0,478418,5149890,30899340,0,0,0,0,0.14168,0.9997926181377574,9.49529313076708,False,missed offer ratio 0.141680 above 0.010000; scheduler p99 20.479 ms above 20.000 ms
2026-08-08T02:06:07.378695+00:00,poll,dense,/home/dhruv/Documents/Programming/event-driven-chat-server/poll(2)/server,direct,500,500,500,4,0,True,"2,4,5,6",True,1,10.0,1000.0,0,10000,10000,0,1000.0,10000,10000,1000.0,10000,1000.0,1000.0,1000.0,2.0,1,1.0,10000,0.396938,1.0067726999999995,3.0016179100000024,23.350732569999998,34.2,0.6853899999999999,1.8702700499999998,2.9632102700000003,0.110955,1.060563,0,0,0,0,False,none,False,,,,,0,,9384,10000,1,2,5,0,0,0,0,10000,0,10000,20000,0,10000,60000,360000,0,0,0,0,0.0,1.0,342.0,True,
2026-08-08T02:06:19.754093+00:00,epoll,dense,/home/dhruv/Documents/Programming/event-driven-chat-server/epoll/server,direct,500,500,500,4,0,True,"2,4,5,6",True,1,10.0,1000.0,0,10000,10000,0,1000.0,10000,10000,1000.0,10000,1000.0,1000.0,1000.0,2.0,1,1.0,10000,0.202003,1.4810661499999977,3.164435750000001,23.39259696,6.5,0.6997185,1.7232596499999984,3.187763850000003,0.126085,0.788968,0,0,0,0,False,none,False,,,,,0,,9304,10000,1,2,5,0,0,0,0,10000,0,10000,20000,0,10000,60000,360000,0,0,0,0,0.0,1.0,65.0,True,
2026-08-08T02:06:32.122720+00:00,poll,dense,/home/dhruv/Documents/Programming/event-driven-chat-server/poll(2)/server,direct,500,500,500,4,0,True,"2,4,5,6",True,1,10.0,5000.0,0,50000,49998,2,4999.8,49995,49998,4999.5,49998,4999.5,4999.8,4999.5,9.999,1,1.0,49998,0.28183,0.9629654,2.84794788,53.82458097,58.699999999999996,0.520322,1.4654958499999986,3.04454324,0.329677,1.149386,0,0,0,0,False,none,False,,,,,0,,24925,49998,2,5,23,0,0,0,0,49998,0,49998,99996,0,49998,299988,1799928,0,0,0,0,4e-05,0.999939997599904,117.40469618784752,True,
2026-08-08T02:06:44.761036+00:00,epoll,dense,/home/dhruv/Documents/Programming/event-driven-chat-server/epoll/server,direct,500,500,500,4,0,True,"2,4,5,6",True,1,10.0,5000.0,0,50000,49998,2,4999.8,49998,49998,4999.8,49998,4999.8,4999.8,4999.8,9.999600000000001,1,1.0,49998,0.0920705,0.7483174499999979,2.339178929999996,55.27083989999999,9.3,0.529964,1.1835718499999994,2.8503885700000002,0.351367,0.872914,0,0,0,0,False,none,False,,,,,0,,39909,49998,1,2,22,0,0,0,0,49998,0,49998,99996,0,49998,299988,1799928,0,0,0,0,4e-05,1.0,18.60074402976119,True,
2026-08-08T02:06:57.179503+00:00,poll,dense,/home/dhruv/Documents/Programming/event-driven-chat-server/poll(2)/server,direct,500,500,500,4,0,True,"2,4,5,6",True,1,10.0,10000.0,0,100000,99989,11,9998.9,99988,99989,9998.8,99989,9998.8,9998.9,9998.8,19.9976,1,1.0,99989,0.278444,0.9509309999999974,2.874043679999998,76.04990291,72.2,0.408594,1.5224959999999976,3.0953559599999942,0.431856,0.965609,0,0,0,0,False,none,False,,,,,0,,33469,99989,3,7,43,0,0,0,0,99989,0,99989,199978,0,99989,599934,3599604,0,0,0,0,0.00011,0.9999899988998789,72.2079428737161,True,
2026-08-08T02:07:09.818882+00:00,epoll,dense,/home/dhruv/Documents/Programming/event-driven-chat-server/epoll/server,direct,500,500,500,4,0,True,"2,4,5,6",True,1,10.0,10000.0,0,100000,99994,6,9999.4,99989,99994,9998.9,99994,9998.9,9999.4,9998.9,19.997799999999998,1,1.0,99994,0.1209695,1.2355925999999993,2.8032106199999878,83.12132352000002,14.499999999999998,0.494081,1.232303199999996,2.9646031799999766,2.737556,0.660659,0,0,0,0,False,none,False,,,,,0,,70338,99994,1,3,48,0,0,0,0,99994,0,99994,199988,0,99994,599964,3599784,0,0,0,0,6e-05,0.99994999699982,14.50087005220313,True,
2026-08-08T02:07:22.513221+00:00,poll,dense,/home/dhruv/Documents/Programming/event-driven-chat-server/poll(2)/server,direct,500,500,500,4,0,True,"2,4,5,6",True,1,10.0,25000.0,0,250000,249998,2,24999.8,249990,249998,24999.0,249998,24999.0,24999.8,24999.0,49.998,1,1.0,249998,0.277991,0.7985156,1.54628396,181.91734611999996,99.2,0.093895,1.05984025,2.701212229999999,1.934412,1.553032,0,0,0,0,False,none,False,,,,,0,,49581,249998,4,12,84,0,0,0,0,249998,0,249998,499996,0,249998,1499988,8999928,0,0,0,0,8e-06,0.999967999743998,39.68031744253954,True,
2026-08-08T02:07:35.966158+00:00,epoll,dense,/home/dhruv/Documents/Programming/event-driven-chat-server/epoll/server,direct,500,500,500,4,0,True,"2,4,5,6",True,1,10.0,25000.0,0,250000,249994,6,24999.4,249903,249994,24990.3,249994,24990.3,24999.4,24990.3,49.980599999999995,1,1.0,249994,0.2318015,1.7549081499999974,3.256184000000002,173.21119330000002,42.199999999999996,0.302119,1.209171299999999,2.9236274000000013,4.151646,0.90542,0,0,0,0,False,none,False,,,,,0,,127088,249994,1,5,113,0,0,0,0,249994,0,249994,499988,0,249994,1499964,8999784,0,0,0,0,2.4e-05,0.9996359912637903,16.88040512972311,True,
2026-08-08T02:07:49.463078+00:00,poll,dense,/home/dhruv/Documents/Programming/event-driven-chat-server/poll(2)/server,direct,500,500,500,4,0,True,"2,4,5,6",True,1,10.0,50000.0,0,500000,499969,31,49996.9,499900,499969,49990.0,499969,49990.0,49996.9,49990.0,99.98,1,1.0,499969,0.839131,3.7573225999999975,5.7755052000000004,319.53207178,99.6,0.133868,1.6167507999999997,3.556292160000002,4.646766,1.869962,0,0,0,0,False,none,False,,,,,0,,21677,499833,16,64,311,0,0,0,0,499950,0,499950,999783,0,499833,2999700,17998200,0,0,0,0,6.2e-05,0.9998619914434695,19.92123511657723,True,
2026-08-08T02:08:03.096204+00:00,epoll,dense,/home/dhruv/Documents/Programming/event-driven-chat-server/epoll/server,direct,500,500,500,4,0,True,"2,4,5,6",True,1,10.0,50000.0,0,500000,499979,21,49997.9,499896,499979,49989.6,499979,49989.6,49997.9,49989.6,99.97919999999999,1,1.0,499979,0.297958,2.7795926999999994,4.009245759999999,318.97621150000003,77.90000000000002,0.080083,1.1197382999999996,2.953143139999999,11.493469,0.237263,0,0,0,0,False,none,False,,,,,0,,169587,499554,1,8,435,0,0,0,0,499961,0,499961,999515,0,499554,2999766,17998596,0,0,0,0,4.2e-05,0.9998339930277071,15.580654387484278,True,
2026-08-08T02:08:16.789003+00:00,poll,dense,/home/dhruv/Documents/Programming/event-driven-chat-server/poll(2)/server,direct,500,500,500,4,0,True,"2,4,5,6",True,1,10.0,100000.0,0,1000000,687274,312726,68727.4,686812,687274,68681.2,687274,68681.2,68727.4,68681.2,137.3624,1,1.0,687274,5.648519500000001,15.76915785,30.639902650000018,395.89971346,99.49999999999999,19.707093,20.6441287,21.009529580000002,2.458597,0.885203,0,0,0,0,False,none,False,,,,,0,,20628,679167,25,91,441,0,0,0,0,687211,0,687211,1362124,0,679167,4123266,24739596,0,0,0,0,0.312726,0.9993277790226315,14.477486417353193,False,missed offer ratio 0.312726 above 0.010000; scheduler p99 21.010 ms above 20.000 ms
2026-08-08T02:08:31.153335+00:00,epoll,dense,/home/dhruv/Documents/Programming/event-driven-chat-server/epoll/server,direct,500,500,500,4,0,True,"2,4,5,6",True,1,10.0,100000.0,0,1000000,718560,281440,71856.0,718025,718560,71802.5,718560,71802.5,71856.0,71802.5,143.605,1,1.0,718560,5.676565500000001,28.090820449999967,35.41732441,394.99448737,79.10000000000001,19.618051,20.514501,20.69948944,4.871184,1.026389,0,0,0,0,False,none,False,,,,,0,,262319,677304,1,7,485,0,0,0,0,718560,0,718560,1363792,0,677304,4311360,25868160,0,0,0,0,0.28144,0.9992554553551548,11.008127365842798,False,missed offer ratio 0.281440 above 0.010000; scheduler p99 20.699 ms above 20.000 ms
2026-08-08T02:08:45.944032+00:00,poll,dense,/home/dhruv/Documents/Programming/event-driven-chat-server/poll(2)/server,direct,1000,1000,1000,4,0,True,"2,4,5,6",True,1,10.0,1000.0,0,10000,9999,1,999.9,9999,9999,999.9,9999,999.9,999.9,999.9,0.9999,1,1.0,9999,0.571808,1.1807479000000005,3.1556418200000005,23.784299469999997,57.099999999999994,0.656729,1.3251109000000003,3.2877169000000004,0.192418,0.501533,0,0,0,0,False,none,False,,,,,0,,9237,9999,1,2,5,0,0,0,0,9999,0,9999,19998,0,9999,59994,359964,0,0,0,0,0.0001,1.0,571.057105710571,True,
2026-08-08T02:08:59.363686+00:00,epoll,dense,/home/dhruv/Documents/Programming/event-driven-chat-server/epoll/server,direct,1000,1000,1000,4,0,True,"2,4,5,6",True,1,10.0,1000.0,0,10000,10000,0,1000.0,10000,10000,1000.0,10000,1000.0,1000.0,1000.0,1.0,1,1.0,10000,0.11038200000000001,0.8680998499999991,2.6293249000000007,16.729200599999995,4.6,0.6249560000000001,1.4383054499999988,3.3302902100000007,0.090252,0.906749,0,0,0,0,False,none,False,,,,,0,,9605,10000,1,1,5,0,0,0,0,10000,0,10000,20000,0,10000,60000,360000,0,0,0,0,0.0,1.0,46.0,True,
2026-08-08T02:09:12.868430+00:00,poll,dense,/home/dhruv/Documents/Programming/event-driven-chat-server/poll(2)/server,direct,1000,1000,1000,4,0,True,"2,4,5,6",True,1,10.0,5000.0,0,50000,49999,1,4999.9,49994,49999,4999.4,49999,4999.4,4999.9,4999.4,4.9994,1,1.0,49999,0.504927,1.1422255000000001,3.2847095799999897,60.48077371,90.7,0.372633,1.5214223999999996,3.1159000599999995,0.340963,1.104223,0,0,0,0,False,none,False,,,,,0,,20406,49999,2,5,22,0,0,0,0,49999,0,49999,99998,0,49999,299994,1799964,0,0,0,0,2e-05,0.99989999799996,181.40362807256145,True,
2026-08-08T02:09:26.932158+00:00,epoll,dense,/home/dhruv/Documents/Programming/event-driven-chat-server/epoll/server,direct,1000,1000,1000,4,0,True,"2,4,5,6",True,1,10.0,5000.0,0,50000,49997,3,4999.7,49997,49997,4999.7,49997,4999.7,4999.7,4999.7,4.9997,1,1.0,49997,0.117039,1.1096429999999997,2.734982640000001,65.92678561999999,12.299999999999997,0.530622,1.4047563999999992,3.02407036,1.90836,0.858497,0,0,0,0,False,none,False,,,,,0,,38867,49997,1,2,25,0,0,0,0,49997,0,49997,99994,0,49997,299982,1799892,0,0,0,0,6e-05,1.0,24.60147608856531,True,
2026-08-08T02:09:41.029565+00:00,poll,dense,/home/dhruv/Documents/Programming/event-driven-chat-server/poll(2)/server,direct,1000,1000,1000,4,0,True,"2,4,5,6",True,1,10.0,10000.0,0,100000,99993,7,9999.3,99989,99993,9998.9,99993,9998.9,9999.3,9998.9,9.998899999999999,1,1.0,99993,0.443148,0.9234574,2.685785240000002,90.03949625999998,99.3,0.242374,1.254163599999999,2.890266480000001,0.452811,0.689786,0,0,0,0,False,none,False,,,,,0,,28267,99993,3,7,47,0,0,0,0,99993,0,99993,199986,0,99993,599958,3599748,0,0,0,0,7e-05,0.999959997199804,99.30695148660406,True,
2026-08-08T02:09:54.803257+00:00,epoll,dense,/home/dhruv/Documents/Programming/event-driven-chat-server/epoll/server,direct,1000,1000,1000,4,0,True,"2,4,5,6",True,1,10.0,10000.0,0,100000,99998,2,9999.8,99992,99998,9999.2,99998,9999.2,9999.8,9999.2,9.9992,1,1.0,99998,0.1182125,0.5608814499999987,2.45924636,82.58356914000001,14.500000000000002,0.5004109999999999,1.35779085,3.0374177999999996,0.730211,1.539237,0,0,0,0,False,none,False,,,,,0,,73827,99998,1,2,45,0,0,0,0,99998,0,99998,199996,0,99998,599988,3599928,0,0,0,0,2e-05,0.999939998799976,14.50029000580012,True,
2026-08-08T02:10:08.516111+00:00,poll,dense,/home/dhruv/Documents/Programming/event-driven-chat-server/poll(2)/server,direct,1000,1000,1000,4,0,True,"2,4,5,6",True,1,10.0,25000.0,0,250000,249998,2,24999.8,249985,249998,24998.5,249998,24998.5,24999.8,24998.5,24.9985,1,1.0,249998,0.6001735,1.5984664499999994,3.379801749999999,166.43936166999998,99.9,0.156066,1.1167407999999994,2.88165077,1.601051,0.919494,0,0,0,0,False,none,False,,,,,0,,20310,249998,11,25,180,0,0,0,0,249998,0,249998,499996,0,249998,1499988,8999928,0,0,0,0,8e-06,0.9999479995839967,39.96031968255746,True,
2026-08-08T02:10:22.547105+00:00,epoll,dense,/home/dhruv/Documents/Programming/event-driven-chat-server/epoll/server,direct,1000,1000,1000,4,0,True,"2,4,5,6",True,1,10.0,25000.0,0,250000,249990,10,24999.0,249970,249990,24997.0,249990,24997.0,24999.0,24997.0,24.997,1,1.0,249990,0.19634249999999998,1.1846241499999979,2.9351712699999974,157.65912461,36.199999999999996,0.340099,1.1504016,2.7639454099999883,2.316111,2.211706,0,0,0,0,False,none,False,,,,,0,,142733,249990,1,4,114,0,0,0,0,249990,0,249990,499980,0,249990,1499940,8999640,0,0,0,0,4e-05,0.999919996799872,14.480579223168926,True,
2026-08-08T02:10:36.735934+00:00,poll,dense,/home/dhruv/Documents/Programming/event-driven-chat-server/poll(2)/server,direct,1000,1000,1000,4,0,True,"2,4,5,6",True,1,10.0,50000.0,0,500000,499982,18,49998.2,499832,499982,49983.2,499982,49983.2,49998.2,49983.2,49.9832,1,1.0,499982,2.656795,19.812045649999988,21.72880058,318.35884049000003,99.8,0.29227499999999995,1.7626574999999987,3.9302595100000013,8.098774,0.682183,0,0,0,0,False,none,False,,,,,0,,6373,497953,62,194,936,0,0,0,0,499982,0,499982,997734,0,497953,2999892,17999352,0,0,0,0,3.6e-05,0.9996999891996112,19.960718585869092,True,
2026-08-08T02:10:51.358227+00:00,epoll,dense,/home/dhruv/Documents/Programming/event-driven-chat-server/epoll/server,direct,1000,1000,1000,4,0,True,"2,4,5,6",True,1,10.0,50000.0,0,500000,499973,27,49997.3,499703,499973,49970.3,499973,49970.3,49997.3,49970.3,49.9703,1,1.0,499973,1.261198,20.7749906,23.331750199999995,335.82096882999997,81.8,0.165067,1.9004634,3.9556921599999955,6.499413,3.701786,0,0,0,0,False,none,False,,,,,0,,107882,497411,1,16,888,0,0,0,0,499973,0,499973,996905,0,497411,2999838,17999028,0,0,0,0,5.4e-05,0.9994599708384253,16.360883487708335,True,
2026-08-08T02:11:06.457060+00:00,poll,dense,/home/dhruv/Documents/Programming/event-driven-chat-server/poll(2)/server,direct,1000,1000,1000,4,0,True,"2,4,5,6",True,1,10.0,100000.0,0,1000000,663711,336289,66371.1,663177,663711,66317.7,663711,66317.7,66371.1,66317.7,66.3177,1,1.0,663711,10.665961,40.550732499999995,61.1248621,396.19374959,99.70000000000002,19.703463,20.9284496,21.72414988,4.739981,0.841077,0,0,0,0,False,none,False,,,,,0,,4663,575594,93,308,968,0,0,0,0,663701,0,663701,1178228,0,575594,3982206,23893236,0,0,0,0,0.336289,0.9991954329519926,15.02159825586739,False,missed offer ratio 0.336289 above 0.010000; scheduler p99 21.724 ms above 20.000 ms; latency p99 61.125 ms above 50.000 ms
2026-08-08T02:11:22.136618+00:00,epoll,dense,/home/dhruv/Documents/Programming/event-driven-chat-server/epoll/server,direct,1000,1000,1000,4,0,True,"2,4,5,6",True,1,10.0,100000.0,0,1000000,668923,331077,66892.3,668403,668923,66840.3,668923,66840.3,66892.3,66840.3,66.8403,1,1.0,668923,10.968033,53.596316900000005,85.74023278000001,394.54134759,87.6,19.695966,20.7273484,21.24294456,5.958628,2.536647,0,0,0,0,False,none,False,,,,,0,,76179,508362,1,19,953,0,0,0,0,668919,0,668919,1054947,0,508362,4013514,24081084,0,0,0,0,0.331077,0.9992226310053623,13.095677678895777,False,missed offer ratio 0.331077 above 0.010000; scheduler p99 21.243 ms above 20.000 ms; latency p99 85.740 ms above 50.000 ms
2026-08-08T02:11:36.110894+00:00,poll,broadcast,/home/dhruv/Documents/Programming/event-driven-chat-server/poll(2)/server,broadcast,10,10,10,4,0,True,"2,4,5,6",True,1,10.0,100.0,128,1000,1000,0,100.0,1000,1000,100.0,9000,899.4,100.0,899.4,89.94,9,1.0,1000,0.392506,2.1815891499999984,3.0059515999999995,10.05343737,1.4,0.6608505,2.0854488,3.2243987499999998,0.452412,1.004828,0,0,0,0,False,none,False,,,,,0,,1000,1000,1,1,1,0,0,0,0,9000,0,9000,2000,0,1000,163890,1583010,0,0,0,0,0.0,1.0,140.0,True,
2026-08-08T02:11:48.214867+00:00,epoll,broadcast,/home/dhruv/Documents/Programming/event-driven-chat-server/epoll/server,broadcast,10,10,10,4,0,True,"2,4,5,6",True,1,10.0,100.0,128,1000,1000,0,100.0,1000,1000,100.0,9000,899.4,100.0,899.4,89.94,9,1.0,1000,0.3869005,2.3433295999999997,3.4727727999999995,10.36706282,1.4,0.9556735000000001,2.1880577999999975,3.496196289999997,0.298124,0.635439,0,0,0,0,False,none,False,,,,,0,,1000,1000,1,1,1,0,0,0,0,9000,0,9000,2000,0,1000,163890,1583010,0,0,0,0,0.0,1.0,140.0,True,
2026-08-08T02:12:00.508923+00:00,poll,broadcast,/home/dhruv/Documents/Programming/event-driven-chat-server/poll(2)/server,broadcast,10,10,10,4,0,True,"2,4,5,6",True,1,10.0,500.0,128,5000,5000,0,500.0,4999,5000,499.9,45000,4495.5,500.0,4495.5,449.55,9,1.0,5000,2.2381205,4.593852900000001,21.57077607,15.39401554,3.9,0.6633610000000001,1.8830861,3.09222173,0.141224,0.767278,0,0,0,0,False,none,False,,,,,0,,4913,5000,1,1,3,0,0,0,0,45000,0,45000,10000,0,5000,823890,7955010,0,0,0,0,0.0,0.9998,78.0,True,
2026-08-08T02:12:12.698838+00:00,epoll,broadcast,/home/dhruv/Documents/Programming/event-driven-chat-server/epoll/server,broadcast,10,10,10,4,0,True,"2,4,5,6",True,1,10.0,500.0,128,5000,5000,0,500.0,4999,5000,499.9,45000,4495.5,500.0,4495.5,449.55,9,1.0,5000,2.2313925,4.718993200000001,21.666872480000002,15.400615700000001,3.2999999999999994,0.7101124999999999,1.8536113500000004,3.4849942100000013,0.106627,1.072135,0,0,0,0,False,none,False,,,,,0,,4901,5000,1,1,3,0,0,0,0,45000,0,45000,10000,0,5000,823890,7955010,0,0,0,0,0.0,0.9998,65.99999999999999,True,
2026-08-08T02:12:24.852156+00:00,poll,broadcast,/home/dhruv/Documents/Programming/event-driven-chat-server/poll(2)/server,broadcast,10,10,10,4,0,True,"2,4,5,6",True,1,10.0,1000.0,128,10000,9999,1,999.9,9996,9999,999.6,89991,8994.4,999.9,8994.4,899.4399999999999,9,1.0,9999,1.353471,10.652276500000001,11.6964452,30.84115529,6.399999999999999,0.675066,1.7249289,3.3471471800000017,0.321519,0.872097,0,0,0,0,False,none,False,,,,,0,,9261,9999,1,2,6,0,0,0,0,89991,0,89991,19998,0,9999,1648725,15918417,0,0,0,0,0.0001,0.9996999699969997,64.006400640064,True,
2026-08-08T02:12:37.356736+00:00,epoll,broadcast,/home/dhruv/Documents/Programming/event-driven-chat-server/epoll/server,broadcast,10,10,10,4,0,True,"2,4,5,6",True,1,10.0,1000.0,128,10000,10000,0,1000.0,9998,10000,999.8,90000,8995.4,1000.0,8995.4,899.54,9,1.0,10000,1.4166509999999999,10.654450549999998,11.746985330000003,37.06592705,6.199999999999998,0.6643255,1.8266238999999982,3.3194246400000087,0.289697,0.542595,0,0,0,0,False,none,False,,,,,0,,9308,10000,1,2,6,0,0,0,0,90000,0,90000,20000,0,10000,1648890,15920010,0,0,0,0,0.0,0.9998,61.999999999999986,True,
2026-08-08T02:12:49.749214+00:00,poll,broadcast,/home/dhruv/Documents/Programming/event-driven-chat-server/poll(2)/server,broadcast,10,10,10,4,0,True,"2,4,5,6",True,1,10.0,5000.0,128,50000,49999,1,4999.9,49984,49999,4998.4,449991,44985.6,4999.9,44985.6,4498.5599999999995,9,1.0,49999,1.389545,3.4466226,4.702797259999989,115.20404838,19.599999999999998,0.532297,2.0129799,3.4691450399999986,0.779096,0.4218,0,0,0,0,False,none,False,,,,,0,,38518,48130,1,2,10,0,0,0,0,449991,0,449991,97907,0,48130,8288724,79998408,0,0,0,0,2e-05,0.99969999399988,39.200784015680306,True,
2026-08-08T02:13:02.418392+00:00,epoll,broadcast,/home/dhruv/Documents/Programming/event-driven-chat-server/epoll/server,broadcast,10,10,10,4,0,True,"2,4,5,6",True,1,10.0,5000.0,128,50000,49997,3,4999.7,49990,49997,4999.0,449973,44990.3,4999.7,44990.3,4499.030000000001,9,1.0,49997,1.380872,3.4221515999999994,4.73954128,101.74203767,15.2,0.532658,1.919176999999999,3.435049520000001,0.995401,1.229427,0,0,0,0,False,none,False,,,,,0,,37424,47770,1,2,10,0,0,0,0,449955,0,449955,97591,0,47770,8288060,79992000,0,0,0,0,6e-05,0.999859991599496,30.401824109446565,True,
2026-08-08T02:13:14.850950+00:00,poll,broadcast,/home/dhruv/Documents/Programming/event-driven-chat-server/poll(2)/server,broadcast,10,10,10,4,0,True,"2,4,5,6",True,1,10.0,10000.0,128,100000,99994,6,9999.4,99988,99994,9998.8,899946,89988.5,9999.4,89988.5,8998.85,9,1.0,99994,1.002735,3.0291584999999976,4.4407535099999915,159.50598975,30.100000000000005,0.4794115,2.2610855999999995,3.9852299999999934,3.280035,2.594461,0,0,0,0,False,none,False,,,,,0,,69123,90679,1,3,10,0,0,0,0,898851,0,900058,188142,0,90626,16587894,160090398,0,0,3200,18,6e-05,0.999939996399784,30.101806108366507,True,
2026-08-08T02:13:27.662463+00:00,epoll,broadcast,/home/dhruv/Documents/Programming/event-driven-chat-server/epoll/server,broadcast,10,10,10,4,0,True,"2,4,5,6",True,1,10.0,10000.0,128,100000,99987,13,9998.7,99974,99987,9997.4,899883,89978.1,9998.7,89978.1,8997.810000000001,9,1.0,99987,1.069293,3.2728908,4.552657099999999,185.64297604,33.599999999999994,0.495853,2.4279433999999998,4.278372719999999,6.440038,1.431361,0,0,0,0,False,none,False,,,,,0,,64217,87712,1,3,10,0,0,286,0,897820,0,900026,184298,0,87643,16586732,160079184,0,0,7828,44,0.00013,0.9998699830978027,33.60436856791382,True,
2026-08-08T02:13:40.480981+00:00,poll,broadcast,/home/dhruv/Documents/Programming/event-driven-chat-server/poll(2)/server,broadcast,10,10,10,4,0,True,"2,4,5,6",True,1,10.0,25000.0,128,250000,144447,105553,14444.7,95165,95169,9516.5,736355,73632.4,14444.7,73632.4,7363.24,9,0.5664169018548133,95169,0.565463,2.7079407999999994,4.1974727599999975,154.41690756,28.900000000000002,0.618503,2.20913,4.258734749999999,2.282089,0.903691,5,4,0,0,False,none,False,,,,,5,,98047,120634,1,2,10,0,0,0,0,715579,0,737109,257880,0,120353,24026707,131292618,5,5,16372,92,0.422212,0.6588229592861049,30.367031281194507,False,unexpected disconnects: 5; unexpected send errors: 4; delivery ratio 0.566417 below 0.999000; deadline completion ratio 0.658823 below 0.990000; missed offer ratio 0.422212 above 0.010000; unexpected queue overflows: 5
2026-08-08T02:13:52.953095+00:00,epoll,broadcast,/home/dhruv/Documents/Programming/event-driven-chat-server/epoll/server,broadcast,10,10,10,4,0,True,"2,4,5,6",True,1,10.0,25000.0,128,250000,126599,123401,12659.9,64732,64734,6473.2,644330,64431.2,12659.9,64431.2,6443.12,9,0.5655038524966407,64734,0.582506,2.47112025,4.11564068,104.33714517000001,19.9,0.5819565,1.8202626499999943,3.732345429999989,3.170801,0.692866,6,1,0,0,False,none,False,,,,,6,,90249,108899,1,2,10,0,0,1042,6,624557,0,645024,230121,0,108629,21054582,114770762,6,6,16372,92,0.493604,0.5113152552547808,30.74118701146229,False,unexpected disconnects: 6; unexpected send errors: 1; delivery ratio 0.565504 below 0.999000; deadline completion ratio 0.511315 below 0.990000; missed offer ratio 0.493604 above 0.010000; unexpected queue overflows: 6
2026-08-08T02:14:05.626203+00:00,poll,broadcast,/home/dhruv/Documents/Programming/event-driven-chat-server/poll(2)/server,broadcast,100,100,100,4,0,True,"2,4,5,6",True,1,10.0,100.0,128,1000,1000,0,100.0,1000,1000,100.0,99000,9899.4,100.0,9899.4,98.994,99,1.0,1000,0.7611600000000001,2.443586799999998,3.64882038,24.66623113,6.1,0.9943945000000001,2.0921867499999993,3.00490122,4.414359,0.426114,0,0,0,0,False,none,False,,,,,0,,1000,1000,1,1,1,0,0,0,0,99000,0,99000,2000,0,1000,166790,17789310,0,0,0,0,0.0,1.0,610.0,True,
2026-08-08T02:14:17.620954+00:00,epoll,broadcast,/home/dhruv/Documents/Programming/event-driven-chat-server/epoll/server,broadcast,100,100,100,4,0,True,"2,4,5,6",True,1,10.0,100.0,128,1000,1000,0,100.0,1000,1000,100.0,99000,9899.4,100.0,9899.4,98.994,99,1.0,1000,0.6202765,1.7304884999999977,3.699209339999998,23.96048374,5.0,1.0317235,2.06120385,3.0389644299999996,1.178132,2.03708,0,0,0,0,False,none,False,,,,,0,,1000,1000,1,1,1,0,0,0,0,99000,0,99000,2000,0,1000,166790,17789310,0,0,0,0,0.0,1.0,500.0,True,
2026-08-08T02:14:29.641613+00:00,poll,broadcast,/home/dhruv/Documents/Programming/event-driven-chat-server/poll(2)/server,broadcast,100,100,100,4,0,True,"2,4,5,6",True,1,10.0,500.0,128,5000,5000,0,500.0,4999,5000,499.9,495000,49420.3,500.0,49420.3,494.20300000000003,99,1.0,5000,2.163502,3.2317234000000004,35.27277358000001,33.80174619,10.7,0.6388685000000001,1.1003615500000004,2.670526520000001,0.692602,1.692152,0,0,0,0,False,none,False,,,,,0,,4943,5000,1,1,3,0,0,0,0,495000,0,495000,10000,0,5000,838390,89386110,0,0,0,0,0.0,0.9998,214.0,True,
2026-08-08T02:14:41.719660+00:00,epoll,broadcast,/home/dhruv/Documents/Programming/event-driven-chat-server/epoll/server,broadcast,100,100,100,4,0,True,"2,4,5,6",True,1,10.0,500.0,128,5000,5000,0,500.0,4999,5000,499.9,495000,49418.4,500.0,49418.4,494.184,99,1.0,5000,2.1775945,3.6519873500000073,35.79915983000001,37.85542648,10.7,0.640896,1.2521603000000003,2.9822504100000002,1.127555,1.047521,0,0,0,0,False,none,False,,,,,0,,4938,5000,1,1,3,0,0,0,0,495000,0,495000,10000,0,5000,838390,89386110,0,0,0,0,0.0,0.9998,214.0,True,
2026-08-08T02:14:53.861463+00:00,poll,broadcast,/home/dhruv/Documents/Programming/event-driven-chat-server/poll(2)/server,broadcast,100,100,100,4,0,True,"2,4,5,6",True,1,10.0,1000.0,128,10000,10000,0,1000.0,9996,10000,999.6,990000,98910.0,1000.0,98910.0,989.1,99,1.0,10000,1.444236,18.3826598,19.752525160000005,142.68175898,32.599999999999994,0.5747265,1.4442023999999993,3.508495650000003,2.9911,0.925027,0,0,0,0,False,none,False,,,,,0,,9208,10000,1,2,5,0,0,0,0,990000,0,990000,20000,0,10000,1677890,178882110,0,0,0,0,0.0,0.9996,325.99999999999994,True,
2026-08-08T02:15:06.246249+00:00,epoll,broadcast,/home/dhruv/Documents/Programming/event-driven-chat-server/epoll/server,broadcast,100,100,100,4,0,True,"2,4,5,6",True,1,10.0,1000.0,128,10000,10000,0,1000.0,9998,10000,999.8,990000,98912.1,1000.0,98912.1,989.1210000000001,99,1.0,10000,1.442712,18.2634296,19.744561540000003,134.78761411,27.0,0.5979705,1.5952936999999985,3.595841250000001,2.247986,1.056622,0,0,0,0,False,none,False,,,,,0,,9246,10000,1,2,6,0,0,0,0,990000,0,990000,20000,0,10000,1677890,178882110,0,0,0,0,0.0,0.9998,270.0,True,
2026-08-08T02:15:18.686592+00:00,poll,broadcast,/home/dhruv/Documents/Programming/event-driven-chat-server/poll(2)/server,broadcast,100,100,100,4,0,True,"2,4,5,6",True,1,10.0,5000.0,128,50000,30316,19684,3031.6,30286,30316,3028.6,3001284,299818.3,3031.6,299818.3,2998.183,99,1.0,30316,10.1098555,29.4078835,40.41514809999998,381.34233426000003,72.0,12.565014000000001,52.4550553,77.58902571999997,38.53687,0.739623,0,0,0,0,False,none,False,,,,,0,,6554,30558,2,17,100,0,0,0,0,2996127,0,3001584,60606,0,30290,5112832,544913820,0,0,5232,30,0.39368,0.9990104235387254,237.49835070589788,False,missed offer ratio 0.393680 above 0.010000; scheduler p99 77.589 ms above 20.000 ms; read-service gap 38.537 ms above 20.000 ms
2026-08-08T02:15:31.244231+00:00,epoll,broadcast,/home/dhruv/Documents/Programming/event-driven-chat-server/epoll/server,broadcast,100,100,100,4,0,True,"2,4,5,6",True,1,10.0,5000.0,128,50000,44371,5629,4437.1,44342,44371,4434.2,4392729,438923.8,4437.1,438923.8,4389.238,99,1.0,44371,4.446121,19.6191275,31.302887300000034,354.00730379,67.6,0.992268,38.26121179999996,214.32725044000026,35.555889,0.799755,0,0,0,0,False,none,False,,,,,0,,16843,44400,1,9,59,0,0,108,0,4391380,0,4392783,88742,0,44371,7485614,797736654,0,0,5620,31,0.11258,0.9993464199589822,152.35176128552433,False,missed offer ratio 0.112580 above 0.010000; scheduler p99 214.327 ms above 20.000 ms; read-service gap 35.556 ms above 20.000 ms
2026-08-08T02:15:43.491976+00:00,poll,broadcast,/home/dhruv/Documents/Programming/event-driven-chat-server/poll(2)/server,broadcast,500,500,500,4,0,True,"2,4,5,6",True,1,10.0,100.0,128,1000,1000,0,100.0,1000,1000,100.0,499000,49899.4,100.0,49899.4,99.7988,499,1.0,1000,1.9397980000000001,4.16594255,5.044864959999999,82.06311336,25.8,0.6587434999999999,1.6459170999999997,2.235901609999999,3.239391,0.447687,0,0,0,0,False,none,False,,,,,0,,1000,1000,1,1,1,0,0,0,0,499000,0,499000,2000,0,1000,167670,90543550,0,0,0,0,0.0,1.0,2580.0,True,
2026-08-08T02:15:55.522669+00:00,epoll,broadcast,/home/dhruv/Documents/Programming/event-driven-chat-server/epoll/server,broadcast,500,500,500,4,0,True,"2,4,5,6",True,1,10.0,100.0,128,1000,1000,0,100.0,1000,1000,100.0,499000,49899.4,100.0,49899.4,99.7988,499,1.0,1000,1.720194,3.8372940499999992,5.118605989999999,97.66566282,24.000000000000004,0.6404685,1.5925488999999986,2.51802664,4.39991,0.974996,0,0,0,0,False,none,False,,,,,0,,1000,1000,1,1,1,0,0,0,0,499000,0,499000,2000,0,1000,167670,90543550,0,0,0,0,0.0,1.0,2400.0000000000005,True,
2026-08-08T02:16:07.602881+00:00,poll,broadcast,/home/dhruv/Documents/Programming/event-driven-chat-server/poll(2)/server,broadcast,500,500,500,4,0,True,"2,4,5,6",True,1,10.0,500.0,128,5000,5000,0,500.0,4996,5000,499.6,2495000,249065.8,500.0,249065.8,498.1316,499,1.0,5000,2.0795315,5.7070025000000015,36.98860811,122.39643103,43.99999999999999,0.6010705000000001,1.3874986000000027,2.6469638900000008,3.799415,0.095914,0,0,0,0,False,none,False,,,,,0,,4918,5000,1,1,3,0,0,0,0,2495000,0,2495000,10000,0,5000,842790,454933310,0,0,0,0,0.0,0.9992,879.9999999999998,True,
2026-08-08T02:16:19.856201+00:00,epoll,broadcast,/home/dhruv/Documents/Programming/event-driven-chat-server/epoll/server,broadcast,500,500,500,4,0,True,"2,4,5,6",True,1,10.0,500.0,128,5000,4633,367,463.3,4551,4572,455.1,2258707,225287.5,463.3,225287.5,450.575,499,0.9770055976403487,4572,45.5100165,149.4287235499999,235.58135288999998,385.09129419000004,89.60000000000001,3.262028,21.280189699999983,52.14338201999969,117.016726,0.979605,20,0,0,0,False,none,False,,,,,20,,1540,7849,2,8,500,0,0,3684,20,2135777,0,2259752,9234,0,4607,779885,411399322,20,20,16214,89,0.0734,0.9823008849557522,1959.7550306211729,False,unexpected disconnects: 20; delivery ratio 0.977006 below 0.999000; deadline completion ratio 0.982301 below 0.990000; missed offer ratio 0.073400 above 0.010000; scheduler p99 52.143 ms above 20.000 ms; latency p99 235.581 ms above 50.000 ms; read-service gap 117.017 ms above 20.000 ms; unexpected queue overflows: 20
2026-08-08T02:16:32.480596+00:00,poll,broadcast,/home/dhruv/Documents/Programming/event-driven-chat-server/poll(2)/server,broadcast,500,500,500,4,0,True,"2,4,5,6",True,1,10.0,1000.0,128,10000,6221,3779,622.1,5679,5706,567.9,2844984,283492.1,622.1,283492.1,566.9842,499,0.9164717475458874,5706,38.2848975,148.32603275,233.5353855499997,376.1629889,90.99999999999999,7.5467379999999995,115.34122225,354.4215207999994,254.348215,0.932501,45,0,0,0,False,none,False,,,,,45,,1650,11427,2,11,500,0,0,0,0,2646650,0,2850680,12353,0,6154,1045457,518967318,45,45,16330,90,0.3779,0.9128757434496062,1594.8124780932349,False,unexpected disconnects: 45; delivery ratio 0.916472 below 0.999000; deadline completion ratio 0.912876 below 0.990000; missed offer ratio 0.377900 above 0.010000; scheduler p99 354.422 ms above 20.000 ms; latency p99 233.535 ms above 50.000 ms; read-service gap 254.348 ms above 20.000 ms; unexpected queue overflows: 45
2026-08-08T02:16:44.993858+00:00,epoll,sparse,/home/dhruv/Documents/Programming/event-driven-chat-server/epoll/server,direct,1000,1,1000,4,0,True,"2,4,5,6",True,2,10.0,2000.0,0,20000,19999,1,1999.9,19998,19999,1999.8,19999,1999.8,1999.9,1999.8,1.9998,1,1.0,19999,0.161704,1.3889015999999992,2.8610591400000005,14.87123102,3.5999999999999996,0.575312,1.1928223999999987,2.7743601200000003,0.019454,0.612913,0,0,0,0,False,none,False,,,,,0,,16976,16976,1,1,1,0,0,0,0,19999,0,19999,35315,0,16976,119994,719964,0,0,0,0,5e-05,0.999949997499875,18.00090004500225,True,
2026-08-08T02:16:57.248019+00:00,poll,sparse,/home/dhruv/Documents/Programming/event-driven-chat-server/poll(2)/server,direct,1000,1,1000,4,0,True,"2,4,5,6",True,2,10.0,2000.0,0,20000,20000,0,2000.0,19999,20000,1999.9,20000,1999.9,2000.0,1999.9,1.9999,1,1.0,20000,0.5045575,1.5009251000000001,2.9768794199999964,11.774597219999999,48.3,0.45429149999999996,1.0820903499999999,2.4606200199999773,0.077813,0.606678,0,0,0,0,False,none,False,,,,,0,,10307,10307,1,1,1,0,0,0,0,20000,0,20000,22922,0,10307,120000,720000,0,0,0,0,0.0,0.99995,241.5,True,
2026-08-08T02:17:09.526144+00:00,epoll,sparse,/home/dhruv/Documents/Programming/event-driven-chat-server/epoll/server,direct,1000,10,1000,4,0,True,"2,4,5,6",True,2,10.0,2000.0,0,20000,19999,1,1999.9,19999,19999,1999.9,19999,1999.9,1999.9,1999.9,1.9999,1,1.0,19999,0.100361,0.5939254999999996,2.217517180000001,30.64885706,6.3,0.607736,1.3579619999999974,3.2370068400000043,0.21761,1.039459,0,0,0,0,False,none,False,,,,,0,,18312,19998,1,2,9,0,0,0,0,19999,0,19999,39997,0,19998,119994,719964,0,0,0,0,5e-05,1.0,31.501575078753937,True,
2026-08-08T02:17:21.993675+00:00,poll,sparse,/home/dhruv/Documents/Programming/event-driven-chat-server/poll(2)/server,direct,1000,10,1000,4,0,True,"2,4,5,6",True,2,10.0,2000.0,0,20000,20000,0,2000.0,19999,20000,1999.9,20000,1999.9,2000.0,1999.9,1.9999,1,1.0,20000,0.563355,1.2524615499999996,3.2996998599999983,38.30342889,78.4,0.6103719999999999,1.6374153499999982,3.266379009999967,0.318373,0.909935,0,0,0,0,False,none,False,,,,,0,,15740,19999,1,2,9,0,0,0,0,20000,0,20000,39999,0,19999,120000,720000,0,0,0,0,0.0,0.99995,392.0,True,
2026-08-08T02:17:34.278957+00:00,epoll,sparse,/home/dhruv/Documents/Programming/event-driven-chat-server/epoll/server,direct,1000,100,1000,4,0,True,"2,4,5,6",True,2,10.0,2000.0,0,20000,19999,1,1999.9,19999,19999,1999.9,19999,1999.9,1999.9,1999.9,1.9999,1,1.0,19999,0.086796,0.8559628999999992,2.352586800000002,28.501232229999996,5.6000000000000005,0.616263,1.1732436999999996,2.7027350200000004,0.172797,0.990608,0,0,0,0,False,none,False,,,,,0,,17824,19999,1,2,10,0,0,0,0,19999,0,19999,39998,0,19999,119994,719964,0,0,0,0,5e-05,1.0,28.001400070003506,True,
2026-08-08T02:17:46.486400+00:00,poll,sparse,/home/dhruv/Documents/Programming/event-driven-chat-server/poll(2)/server,direct,1000,100,1000,4,0,True,"2,4,5,6",True,2,10.0,2000.0,0,20000,20000,0,2000.0,20000,20000,2000.0,20000,2000.0,2000.0,2000.0,2.0,1,1.0,20000,0.384822,1.0691906,3.120746169999982,27.47050002,66.3,0.6262935000000001,1.2397554499999999,2.70659329,0.124775,0.647219,0,0,0,0,False,none,False,,,,,0,,16847,20000,1,2,10,0,0,0,0,20000,0,20000,40000,0,20000,120000,720000,0,0,0,0,0.0,1.0,331.5,True,
2026-08-08T02:17:59.591689+00:00,epoll,sparse,/home/dhruv/Documents/Programming/event-driven-chat-server/epoll/server,direct,5000,1,5000,4,0,True,"2,4,5,6",True,2,10.0,2000.0,0,20000,19999,1,1999.9,19995,19999,1999.5,19999,1999.5,1999.9,1999.5,0.3999,1,1.0,19999,0.260493,1.6344257,3.4292841800000047,22.859239530000004,5.4,0.611841,1.3894529999999958,3.115411780000001,0.030794,2.075485,0,0,0,0,False,none,False,,,,,0,,15797,15797,1,1,1,0,0,0,0,19999,0,19999,33246,0,15797,119994,719964,0,0,0,0,5e-05,0.9997999899994999,27.001350067503374,True,
2026-08-08T02:18:15.731258+00:00,poll,sparse,/home/dhruv/Documents/Programming/event-driven-chat-server/poll(2)/server,direct,5000,1,5000,4,0,True,"2,4,5,6",True,2,10.0,2000.0,0,20000,19999,1,1999.9,19987,19999,1998.7,19999,1998.7,1999.9,1998.7,0.39974,1,1.0,19999,2.888224,5.5339556,6.568277880000001,13.65153702,99.8,0.583089,1.310006,2.89782992,0.021326,0.751619,0,0,0,0,False,none,False,,,,,0,,2049,2049,1,1,1,0,0,0,0,19999,0,19999,6146,0,2049,119994,719964,0,0,0,0,5e-05,0.9993999699984999,499.0249512475624,True,
2026-08-08T02:18:28.928987+00:00,epoll,sparse,/home/dhruv/Documents/Programming/event-driven-chat-server/epoll/server,direct,5000,10,5000,4,0,True,"2,4,5,6",True,2,10.0,2000.0,0,20000,20000,0,2000.0,20000,20000,2000.0,20000,2000.0,2000.0,2000.0,0.4,1,1.0,20000,0.0787175,0.79320135,2.2500770500000002,24.53384083,5.8,0.5909175,1.2261457499999997,2.7735981599999997,0.289666,0.897968,0,0,0,0,False,none,False,,,,,0,,18175,19995,1,2,9,0,0,0,0,20000,0,20000,39995,0,19995,120000,720000,0,0,0,0,0.0,1.0,29.0,True,
2026-08-08T02:18:44.698650+00:00,poll,sparse,/home/dhruv/Documents/Programming/event-driven-chat-server/poll(2)/server,direct,5000,10,5000,4,0,True,"2,4,5,6",True,2,10.0,2000.0,0,20000,19999,1,1999.9,19994,19999,1999.4,19999,1999.4,1999.9,1999.4,0.39988,1,1.0,19999,2.922274,4.7261522,5.886242860000001,32.72967592,100.0,0.544014,1.356272499999998,3.101325420000007,0.189049,1.048127,0,0,0,0,False,none,False,,,,,0,,5582,19397,3,5,10,0,0,0,0,19999,0,19999,39396,0,19397,119994,719964,0,0,0,0,5e-05,0.9997499874993749,500.02500125006253,True,
2026-08-08T02:18:57.762248+00:00,epoll,sparse,/home/dhruv/Documents/Programming/event-driven-chat-server/epoll/server,direct,5000,100,5000,4,0,True,"2,4,5,6",True,2,10.0,2000.0,0,20000,19999,1,1999.9,19998,19999,1999.8,19999,1999.8,1999.9,1999.8,0.39996,1,1.0,19999,0.095089,0.8886485999999997,2.362043000000001,29.71756397,5.8,0.611623,1.396926999999999,2.943116040000004,0.192662,1.01445,0,0,0,0,False,none,False,,,,,0,,17821,19999,1,2,9,0,0,0,0,19999,0,19999,39998,0,19999,119994,719964,0,0,0,0,5e-05,0.999949997499875,29.001450072503626,True,
2026-08-08T02:19:13.705855+00:00,poll,sparse,/home/dhruv/Documents/Programming/event-driven-chat-server/poll(2)/server,direct,5000,100,5000,4,0,True,"2,4,5,6",True,2,10.0,2000.0,0,20000,20000,0,2000.0,19993,20000,1999.3,20000,1999.3,2000.0,1999.3,0.39986,1,1.0,20000,2.1500205,3.79483575,4.897489619999999,27.05247218,99.9,0.479416,1.10123095,2.775116279999997,0.252218,0.704854,0,0,0,0,False,none,False,,,,,0,,6986,20000,3,5,9,0,0,0,0,20000,0,20000,40000,0,20000,120000,720000,0,0,0,0,0.0,0.99965,499.5,True,
2026-08-08T02:19:27.689087+00:00,epoll,sparse,/home/dhruv/Documents/Programming/event-driven-chat-server/epoll/server,direct,10000,1,10000,4,0,True,"2,4,5,6",True,2,10.0,2000.0,0,20000,19999,1,1999.9,19997,19999,1999.7,19999,1999.7,1999.9,1999.7,0.19997,1,1.0,19999,0.121629,1.2703274,2.597116200000001,11.57388342,3.1000000000000005,0.555253,1.0663087,2.66250134,0.018685,0.98026,0,0,0,0,False,none,False,,,,,0,,15863,15863,1,1,1,0,0,0,0,19999,0,19999,33869,0,15863,119994,719964,0,0,0,0,5e-05,0.99989999499975,15.500775038751941,True,
2026-08-08T02:19:52.719489+00:00,poll,sparse,/home/dhruv/Documents/Programming/event-driven-chat-server/poll(2)/server,direct,10000,1,10000,4,0,True,"2,4,5,6",True,2,10.0,2000.0,0,20000,20000,0,2000.0,19980,20000,1998.0,20000,1998.0,2000.0,1998.0,0.1998,1,1.0,20000,6.3693355,11.753117799999998,14.623225449999914,14.37241421,99.79999999999998,0.5920195,1.2772138,3.012162339999995,0.018709,0.872916,0,0,0,0,False,none,False,,,,,0,,871,871,1,1,1,0,0,0,0,20000,0,20000,2615,0,858,120000,720000,0,0,0,0,0.0,0.999,498.9999999999999,True,
2026-08-08T02:20:07.058862+00:00,epoll,sparse,/home/dhruv/Documents/Programming/event-driven-chat-server/epoll/server,direct,10000,10,10000,4,0,True,"2,4,5,6",True,2,10.0,2000.0,0,20000,19998,2,1999.8,19998,19998,1999.8,19998,1999.8,1999.8,1999.8,0.19998,1,1.0,19998,0.1459155,1.0096783999999999,2.8087611899999994,40.643511620000005,8.5,0.6111365,1.8159330999999987,3.0433268399999998,0.165577,1.061571,0,0,0,0,False,none,False,,,,,0,,17608,19994,1,2,10,0,0,0,0,19998,0,19998,39992,0,19994,119988,719928,0,0,0,0,0.0001,1.0,42.50425042504251,True,
2026-08-08T02:20:35.124529+00:00,poll,sparse,/home/dhruv/Documents/Programming/event-driven-chat-server/poll(2)/server,direct,10000,10,10000,4,0,True,"2,4,5,6",True,2,10.0,2000.0,0,20000,19999,1,1999.9,19988,19999,1998.8,19999,1998.8,1999.9,1998.8,0.19988,1,1.0,19999,5.664953,8.828503699999999,10.128881320000007,35.47671242,99.8,0.604974,1.6810140999999998,3.1812193000000004,0.254847,0.795014,0,0,0,0,False,none,False,,,,,0,,2319,10800,5,7,10,0,0,0,0,19998,0,19998,22021,0,10800,119988,719928,0,0,0,0,5e-05,0.9994499724986249,499.0249512475624,True,
2026-08-08T02:20:49.365984+00:00,epoll,sparse,/home/dhruv/Documents/Programming/event-driven-chat-server/epoll/server,direct,10000,100,10000,4,0,True,"2,4,5,6",True,2,10.0,2000.0,0,20000,19999,1,1999.9,19999,19999,1999.9,19999,1999.9,1999.9,1999.9,0.19999,1,1.0,19999,0.079357,0.8467110999999976,2.5086695400000063,25.015619849999997,5.2,0.595844,1.287745499999999,3.0304461,0.275769,2.510951,0,0,0,0,False,none,False,,,,,0,,17708,19999,1,2,10,0,0,0,0,19999,0,19999,39998,0,19999,119994,719964,0,0,0,0,5e-05,1.0,26.00130006500325,True,
2026-08-08T02:21:17.230141+00:00,poll,sparse,/home/dhruv/Documents/Programming/event-driven-chat-server/poll(2)/server,direct,10000,100,10000,4,0,True,"2,4,5,6",True,2,10.0,2000.0,0,20000,19999,1,1999.9,19983,19999,1998.3,19999,1998.3,1999.9,1998.3,0.19983,1,1.0,19999,6.793976,9.2446496,10.46187448,37.22747354999999,99.90000000000002,0.598382,1.6419366999999967,3.2115125800000004,0.287598,2.072041,0,0,0,0,False,none,False,,,,,0,,2258,19993,9,11,14,0,0,0,0,19993,0,19993,39986,0,19993,119958,719748,0,0,0,0,5e-05,0.9991999599979999,499.52497624881255,True,
2026-08-08T02:21:37.428770+00:00,epoll,sparse,/home/dhruv/Documents/Programming/event-driven-chat-server/epoll/server,direct,20000,1,20000,4,0,True,"2,4,5,6",True,2,10.0,2000.0,0,20000,19999,1,1999.9,19998,19999,1999.8,19999,1999.8,1999.9,1999.8,0.09999,1,1.0,19999,0.190321,1.4084531999999998,2.876321040000002,15.823194940000002,4.300000000000001,0.577101,1.1371991999999986,2.7328662000000032,0.02427,2.785546,0,0,0,0,False,none,False,,,,,0,,15761,15761,1,1,1,0,0,0,0,19999,0,19999,33427,0,15761,119994,719964,0,0,0,0,5e-05,0.999949997499875,21.50107505375269,True,
2026-08-08T02:22:46.088337+00:00,poll,sparse,/home/dhruv/Documents/Programming/event-driven-chat-server/poll(2)/server,direct,20000,1,20000,4,0,True,"2,4,5,6",True,2,10.0,2000.0,0,20000,20000,0,2000.0,19965,19997,1996.5,19997,1996.5,2000.0,1996.5,0.099825,1,0.99985,19997,16.300883,30.54198860000001,35.96291412000001,12.94861843,99.89999999999995,0.5900164999999999,1.3042600499999997,3.1492298799999863,0.013473,0.530951,0,0,0,0,False,none,False,,,,,0,,656,656,1,1,1,0,0,0,0,19965,0,19965,1320,0,114,119922,718740,0,0,0,0,0.0,0.99825,499.5749362404359,True,
2026-08-08T02:23:04.747075+00:00,epoll,sparse,/home/dhruv/Documents/Programming/event-driven-chat-server/epoll/server,direct,20000,10,20000,4,0,True,"2,4,5,6",True,2,10.0,2000.0,0,20000,19999,1,1999.9,19999,19999,1999.9,19999,1999.9,1999.9,1999.9,0.099995,1,1.0,19999,0.076451,0.3180724999999989,2.037858700000001,24.41500537,5.2,0.574074,1.0662525999999999,2.5378379000000004,0.143638,0.769449,0,0,0,0,False,none,False,,,,,0,,18719,19997,1,1,8,0,0,0,0,19999,0,19999,39996,0,19997,119994,719964,0,0,0,0,5e-05,1.0,26.00130006500325,True,
2026-08-08T02:24:07.739645+00:00,poll,sparse,/home/dhruv/Documents/Programming/event-driven-chat-server/poll(2)/server,direct,20000,10,20000,4,0,True,"2,4,5,6",True,2,10.0,2000.0,0,20000,19999,1,1999.9,19970,19999,1997.0,19999,1997.0,1999.9,1997.0,0.09985,1,1.0,19999,9.922344,16.744461199999996,18.436998180000003,30.34065458,99.90000000000002,0.607879,1.4730919999999976,3.0258707400000038,0.160969,0.683929,0,0,0,0,False,none,False,,,,,0,,1180,5954,5,7,9,0,0,0,0,19999,0,19999,17650,0,5954,119994,719964,0,0,0,0,5e-05,0.9985499274963748,499.52497624881255,True,
2026-08-08T02:24:27.186861+00:00,epoll,sparse,/home/dhruv/Documents/Programming/event-driven-chat-server/epoll/server,direct,20000,100,20000,4,0,True,"2,4,5,6",True,2,10.0,2000.0,0,20000,19999,1,1999.9,19999,19999,1999.9,19999,1999.9,1999.9,1999.9,0.099995,1,1.0,19999,0.093451,1.2185299999999986,2.783615520000001,29.0162557,5.6000000000000005,0.597351,1.2328711999999993,2.9823644000000002,0.192473,1.076213,0,0,0,0,False,none,False,,,,,0,,17233,19999,1,2,9,0,0,0,0,19999,0,19999,39998,0,19999,119994,719964,0,0,0,0,5e-05,1.0,28.001400070003506,True,
2026-08-08T02:25:39.393184+00:00,poll,sparse,/home/dhruv/Documents/Programming/event-driven-chat-server/poll(2)/server,direct,20000,100,20000,4,0,True,"2,4,5,6",True,2,10.0,2000.0,0,20000,19998,2,1999.8,19980,19998,1998.0,19998,1998.0,1999.8,1998.0,0.0999,1,1.0,19998,12.896865,17.36583894999999,19.088945009999996,31.68642734,99.79999999999997,0.603963,1.4857492499999978,3.00703022,0.238098,0.939892,0,0,0,0,False,none,False,,,,,0,,1167,19996,17,20,32,0,0,0,0,19996,0,19996,39992,0,19996,119976,719856,0,0,0,0,0.0001,0.9990999099909991,499.0499049904989,True,
2026-08-08T02:25:51.600570+00:00,epoll,dense,/home/dhruv/Documents/Programming/event-driven-chat-server/epoll/server,direct,100,100,100,4,0,True,"2,4,5,6",True,2,10.0,1000.0,0,10000,10000,0,1000.0,9999,10000,999.9,10000,999.9,1000.0,999.9,9.999,1,1.0,10000,0.1440895,0.9612025499999999,2.6572947300000025,18.811737280000003,4.9,0.6484620000000001,1.5005725499999998,2.8410649800000005,0.128497,0.933432,0,0,0,0,False,none,False,,,,,0,,9563,10000,1,1,5,0,0,0,0,10000,0,10000,20000,0,10000,60000,360000,0,0,0,0,0.0,0.9999,49.0,True,
2026-08-08T02:26:03.650571+00:00,poll,dense,/home/dhruv/Documents/Programming/event-driven-chat-server/poll(2)/server,direct,100,100,100,4,0,True,"2,4,5,6",True,2,10.0,1000.0,0,10000,10000,0,1000.0,10000,10000,1000.0,10000,1000.0,1000.0,1000.0,10.0,1,1.0,10000,0.1741005,1.1232262999999998,2.846028330000001,17.824707280000002,8.799999999999999,0.638228,1.4476288999999978,2.79953656,0.085233,0.806217,0,0,0,0,False,none,False,,,,,0,,9451,10000,1,1,6,0,0,0,0,10000,0,10000,20000,0,10000,60000,360000,0,0,0,0,0.0,1.0,87.99999999999999,True,
2026-08-08T02:26:15.696632+00:00,epoll,dense,/home/dhruv/Documents/Programming/event-driven-chat-server/epoll/server,direct,100,100,100,4,0,True,"2,4,5,6",True,2,10.0,5000.0,0,50000,49999,1,4999.9,49997,49999,4999.7,49999,4999.7,4999.9,4999.7,49.997,1,1.0,49999,0.082906,1.067775499999998,2.6846877399999975,46.547563960000005,8.399999999999999,0.529779,1.1963861999999992,2.8782113399999942,0.26775,0.995604,0,0,0,0,False,none,False,,,,,0,,36955,49999,1,3,26,0,0,0,0,49999,0,49999,99998,0,49999,299994,1799964,0,0,0,0,2e-05,0.999959999199984,16.800336006720133,True,
2026-08-08T02:26:27.907794+00:00,poll,dense,/home/dhruv/Documents/Programming/event-driven-chat-server/poll(2)/server,direct,100,100,100,4,0,True,"2,4,5,6",True,2,10.0,5000.0,0,50000,49998,2,4999.8,49993,49998,4999.3,49998,4999.3,4999.8,4999.3,49.993,1,1.0,49998,0.1114085,0.9568356499999998,2.7040147399999994,51.89339652,19.7,0.523406,1.3859505499999996,3.000563729999999,0.223672,1.080033,0,0,0,0,False,none,False,,,,,0,,33918,49998,1,3,21,0,0,0,0,49998,0,49998,99996,0,49998,299988,1799928,0,0,0,0,4e-05,0.99989999599984,39.40157606304252,True,
2026-08-08T02:26:40.537179+00:00,epoll,dense,/home/dhruv/Documents/Programming/event-driven-chat-server/epoll/server,direct,100,100,100,4,0,True,"2,4,5,6",True,2,10.0,10000.0,0,100000,99999,1,9999.9,99997,99999,9999.7,99999,9999.7,9999.9,9999.7,99.99700000000001,1,1.0,99999,0.14888,1.4186675999999998,2.9202863200000024,95.59454027000001,18.7,0.477303,1.2387599999999992,3.026506140000021,0.423557,0.842023,0,0,0,0,False,none,False,,,,,0,,66554,99999,1,3,46,0,0,0,0,99999,0,99999,199998,0,99999,599994,3599964,0,0,0,0,1e-05,0.999979999799998,18.70018700187002,True,
2026-08-08T02:26:52.889555+00:00,poll,dense,/home/dhruv/Documents/Programming/event-driven-chat-server/poll(2)/server,direct,100,100,100,4,0,True,"2,4,5,6",True,2,10.0,10000.0,0,100000,99992,8,9999.2,99992,99992,9999.2,99992,9999.2,9999.2,9999.2,99.992,1,1.0,99992,0.198342,1.5403139499999998,3.3140184499999994,99.67223692000002,38.5,0.465082,1.4982491999999992,3.1081065399999996,1.208756,1.136614,0,0,0,0,False,none,False,,,,,0,,46495,99992,1,5,72,0,0,0,0,99992,0,99992,199984,0,99992,599952,3599712,0,0,0,0,8e-05,1.0,38.503080246419714,True,
2026-08-08T02:27:05.542370+00:00,epoll,dense,/home/dhruv/Documents/Programming/event-driven-chat-server/epoll/server,direct,100,100,100,4,0,True,"2,4,5,6",True,2,10.0,25000.0,0,250000,249991,9,24999.1,249989,249991,24998.9,249991,24998.9,24999.1,24998.9,249.989,1,1.0,249991,0.185697,1.607803,3.0930992000000024,135.57239565999998,31.6,0.369116,1.1922869999999999,2.8336837000000004,2.100983,1.088148,0,0,0,0,False,none,False,,,,,0,,135445,249447,1,4,99,0,0,0,0,249991,0,249991,499438,0,249447,1499946,8999676,0,0,0,0,3.6e-05,0.9999919997119896,12.640455056382029,True,
2026-08-08T02:27:18.265809+00:00,poll,dense,/home/dhruv/Documents/Programming/event-driven-chat-server/poll(2)/server,direct,100,100,100,4,0,True,"2,4,5,6",True,2,10.0,25000.0,0,250000,249983,17,24998.3,249970,249983,24997.0,249983,24997.0,24998.3,24997.0,249.97,1,1.0,249983,0.194074,1.4494447999999993,3.2278965399999926,131.92999593,48.0,0.348034,1.1651768,2.7788070799999973,0.785023,0.503517,0,0,0,0,False,none,False,,,,,0,,83342,249280,2,9,100,0,0,0,0,249983,0,249983,499263,0,249280,1499898,8999388,0,0,0,0,6.8e-05,0.9999479964637595,19.20130568878684,True,
2026-08-08T02:27:31.052970+00:00,epoll,dense,/home/dhruv/Documents/Programming/event-driven-chat-server/epoll/server,direct,100,100,100,4,0,True,"2,4,5,6",True,2,10.0,50000.0,0,500000,499988,12,49998.8,499878,499988,49987.8,499988,49987.8,49998.8,49987.8,499.87800000000004,1,1.0,499988,2.03721,3.5571561999999983,5.43231764,282.85651371,51.6,0.23849749999999997,1.6337930499999995,3.0302221800000004,5.883291,1.811943,0,0,0,0,False,none,False,,,,,0,,285877,475641,1,3,100,0,0,0,0,499988,0,499988,955810,0,475641,2999928,17999568,0,0,0,0,2.4e-05,0.9997799947198732,10.320247685944462,True,
2026-08-08T02:27:44.448673+00:00,poll,dense,/home/dhruv/Documents/Programming/event-driven-chat-server/poll(2)/server,direct,100,100,100,4,0,True,"2,4,5,6",True,2,10.0,50000.0,0,500000,499980,20,49998.0,499872,499980,49987.2,499980,49987.2,49998.0,49987.2,499.87199999999996,1,1.0,499980,1.9537065,3.3525625499999996,5.312917750000001,279.39105817,81.90000000000002,0.2194565,1.5066228999999989,3.041161590000002,7.690213,0.723364,0,0,0,0,False,none,False,,,,,0,,182699,491228,2,7,100,0,0,0,0,499980,0,499980,985086,0,491228,2999880,17999280,0,0,0,0,4e-05,0.9997839913596543,16.38065522620905,True,
2026-08-08T02:27:57.860419+00:00,epoll,dense,/home/dhruv/Documents/Programming/event-driven-chat-server/epoll/server,direct,100,100,100,4,0,True,"2,4,5,6",True,2,10.0,100000.0,0,1000000,870469,129531,87046.9,870203,870469,87020.3,870469,87020.3,87046.9,87020.3,870.203,1,1.0,870469,2.664411,8.110671,12.165166679999942,383.52973356,80.60000000000001,15.760646,20.288131,20.47300262,4.133282,1.013036,0,0,0,0,False,none,False,,,,,0,,142057,399672,1,6,100,0,0,0,0,870469,0,870469,881218,0,399657,5222814,31336884,0,0,0,0,0.129531,0.9996944176070601,9.259376267276608,False,missed offer ratio 0.129531 above 0.010000; scheduler p99 20.473 ms above 20.000 ms
2026-08-08T02:28:11.877853+00:00,poll,dense,/home/dhruv/Documents/Programming/event-driven-chat-server/poll(2)/server,direct,100,100,100,4,0,True,"2,4,5,6",True,2,10.0,100000.0,0,1000000,827511,172489,82751.1,827378,827511,82737.8,827511,82737.8,82751.1,82737.8,827.378,1,1.0,827511,1.530137,6.806013999999999,11.265792800000007,387.4096467,89.9,17.8958,20.283176,20.40949248,6.034671,0.750375,0,0,0,0,False,none,False,,,,,0,,136768,662315,3,15,100,0,0,0,0,827511,0,827511,1349132,0,662277,4965066,29790396,0,0,0,0,0.172489,0.9998392770609695,10.863903923935755,False,missed offer ratio 0.172489 above 0.010000; scheduler p99 20.409 ms above 20.000 ms
2026-08-08T02:28:25.824921+00:00,epoll,dense,/home/dhruv/Documents/Programming/event-driven-chat-server/epoll/server,direct,500,500,500,4,0,True,"2,4,5,6",True,2,10.0,1000.0,0,10000,10000,0,1000.0,9999,10000,999.9,10000,999.9,1000.0,999.9,1.9998,1,1.0,10000,0.1606215,0.9646889999999999,2.6840624500000003,18.89006844,5.6,0.671544,1.6297700499999999,2.7794948600000002,0.105949,1.76853,0,0,0,0,False,none,False,,,,,0,,9571,10000,1,1,5,0,0,0,0,10000,0,10000,20000,0,10000,60000,360000,0,0,0,0,0.0,0.9999,56.0,True,
2026-08-08T02:28:37.977150+00:00,poll,dense,/home/dhruv/Documents/Programming/event-driven-chat-server/poll(2)/server,direct,500,500,500,4,0,True,"2,4,5,6",True,2,10.0,1000.0,0,10000,9999,1,999.9,9998,9999,999.8,9999,999.8,999.9,999.8,1.9995999999999998,1,1.0,9999,0.358155,0.9703026000000005,2.7976299400000095,20.92561666,31.6,0.643904,1.5980332000000004,2.6331274000000002,0.056367,0.783858,0,0,0,0,False,none,False,,,,,0,,9459,9999,1,1,5,0,0,0,0,9999,0,9999,19998,0,9999,59994,359964,0,0,0,0,0.0001,0.9998999899989999,316.031603160316,True,
2026-08-08T02:28:50.254734+00:00,epoll,dense,/home/dhruv/Documents/Programming/event-driven-chat-server/epoll/server,direct,500,500,500,4,0,True,"2,4,5,6",True,2,10.0,5000.0,0,50000,49997,3,4999.7,49994,49997,4999.4,49997,4999.4,4999.7,4999.4,9.9988,1,1.0,49997,0.081289,1.4026791999999961,2.8962509200000004,45.06434773,8.4,0.529116,1.1563885999999985,2.812341800000001,0.295886,0.586636,0,0,0,0,False,none,False,,,,,0,,35935,49997,1,3,22,0,0,0,0,49997,0,49997,99994,0,49997,299982,1799892,0,0,0,0,6e-05,0.999939996399784,16.80100806048363,True,
2026-08-08T02:29:02.697043+00:00,poll,dense,/home/dhruv/Documents/Programming/event-driven-chat-server/poll(2)/server,direct,500,500,500,4,0,True,"2,4,5,6",True,2,10.0,5000.0,0,50000,49997,3,4999.7,49997,49997,4999.7,49997,4999.7,4999.7,4999.7,9.9994,1,1.0,49997,0.255584,0.818662799999999,2.615247240000001,46.87469304999999,55.50000000000001,0.515838,1.2646747999999985,2.8967514000000056,0.253906,1.602895,0,0,0,0,False,none,False,,,,,0,,24849,49997,2,5,23,0,0,0,0,49997,0,49997,99994,0,49997,299982,1799892,0,0,0,0,6e-05,1.0,111.006660399624,True,
2026-08-08T02:29:15.400015+00:00,epoll,dense,/home/dhruv/Documents/Programming/event-driven-chat-server/epoll/server,direct,500,500,500,4,0,True,"2,4,5,6",True,2,10.0,10000.0,0,100000,99990,10,9999.0,99987,99990,9998.7,99990,9998.7,9999.0,9998.7,19.997400000000003,1,1.0,99990,0.097206,0.9906902499999999,2.545913290000002,68.87753716,12.7,0.49584300000000003,1.121317799999999,2.688210370000002,0.53909,2.513035,0,0,0,0,False,none,False,,,,,0,,69494,99990,1,3,43,0,0,0,0,99990,0,99990,199980,0,99990,599940,3599640,0,0,0,0,0.0001,0.9999699969997,12.701270127012702,True,
2026-08-08T02:29:27.872906+00:00,poll,dense,/home/dhruv/Documents/Programming/event-driven-chat-server/poll(2)/server,direct,500,500,500,4,0,True,"2,4,5,6",True,2,10.0,10000.0,0,100000,99999,1,9999.9,99997,99999,9999.7,99999,9999.7,9999.9,9999.7,19.9994,1,1.0,99999,0.287204,1.1365896999999994,3.2661894400000007,75.33304186000001,72.1,0.408012,1.7127833999999982,3.156407180000001,0.463353,0.613649,0,0,0,0,False,none,False,,,,,0,,32405,99999,3,8,45,0,0,0,0,99999,0,99999,199998,0,99999,599994,3599964,0,0,0,0,1e-05,0.999979999799998,72.10072100721007,True,
2026-08-08T02:29:40.560059+00:00,epoll,dense,/home/dhruv/Documents/Programming/event-driven-chat-server/epoll/server,direct,500,500,500,4,0,True,"2,4,5,6",True,2,10.0,25000.0,0,250000,249986,14,24998.6,249979,249986,24997.9,249986,24997.9,24998.6,24997.9,49.9958,1,1.0,249986,0.22983550000000003,1.892333,3.2712500999999987,169.04759536,42.1,0.30057449999999997,1.24988725,2.9006280999999956,0.975847,0.8417,0,0,0,0,False,none,False,,,,,0,,120303,249986,1,6,115,0,0,0,0,249986,0,249986,499972,0,249986,1499916,8999496,0,0,0,0,5.6e-05,0.9999719984319122,16.8409430928132,True,
2026-08-08T02:29:53.539724+00:00,poll,dense,/home/dhruv/Documents/Programming/event-driven-chat-server/poll(2)/server,direct,500,500,500,4,0,True,"2,4,5,6",True,2,10.0,25000.0,0,250000,249999,1,24999.9,249994,249999,24999.4,249999,24999.4,24999.9,24999.4,49.9988,1,1.0,249999,0.259857,0.7900965999999991,1.748451359999983,162.83112930000001,98.6,0.097557,1.0594669999999997,2.6417070799999944,5.554483,0.977148,0,0,0,0,False,none,False,,,,,0,,52950,249999,4,11,124,0,0,0,0,249999,0,249999,499998,0,249999,1499994,8999964,0,0,0,0,4e-06,0.9999799999199996,39.440157760631045,True,
2026-08-08T02:30:06.635682+00:00,epoll,dense,/home/dhruv/Documents/Programming/event-driven-chat-server/epoll/server,direct,500,500,500,4,0,True,"2,4,5,6",True,2,10.0,50000.0,0,500000,499943,57,49994.3,499668,499943,49966.8,499943,49966.8,49994.3,49966.8,99.93360000000001,1,1.0,499943,0.767322,10.9694012,13.742750560000005,324.90184619,76.89999999999999,0.108294,1.5251553999999985,3.252986180000002,7.941432,0.913977,0,0,0,0,False,none,False,,,,,0,,172892,496059,1,8,490,0,0,0,0,499943,0,499943,994857,0,496059,2999658,17997948,0,0,0,0,0.000114,0.9994499372928514,15.381753519901267,True,
2026-08-08T02:30:20.237464+00:00,poll,dense,/home/dhruv/Documents/Programming/event-driven-chat-server/poll(2)/server,direct,500,500,500,4,0,True,"2,4,5,6",True,2,10.0,50000.0,0,500000,499824,176,49982.4,499805,499824,49980.5,499824,49980.5,49982.4,49980.5,99.961,1,1.0,499824,0.900514,3.664865549999999,5.721845840000001,306.88956692000005,99.8,0.140676,1.7972957999999974,4.367380999999975,21.969565,0.842574,0,0,0,0,False,none,False,,,,,0,,21377,499267,17,67,382,0,0,0,0,499824,0,499824,999091,0,499267,2998944,17993664,0,0,0,0,0.000352,0.99996198661929,19.967028393994685,False,read-service gap 21.970 ms above 20.000 ms
2026-08-08T02:30:33.904890+00:00,epoll,dense,/home/dhruv/Documents/Programming/event-driven-chat-server/epoll/server,direct,500,500,500,4,0,True,"2,4,5,6",True,2,10.0,100000.0,0,1000000,694728,305272,69472.8,694197,694728,69419.7,694728,69419.7,69472.8,69419.7,138.83939999999998,1,1.0,694728,5.6805005,30.0980706,35.36715254,394.31691449,77.80000000000001,19.670494,20.516669,20.68197216,3.622847,0.884985,0,0,0,0,False,none,False,,,,,0,,227138,661413,1,8,480,0,0,0,0,694728,0,694728,1330605,0,661413,4168368,25010208,0,0,0,0,0.305272,0.999235672090372,11.198627376469641,False,missed offer ratio 0.305272 above 0.010000; scheduler p99 20.682 ms above 20.000 ms
2026-08-08T02:30:48.541196+00:00,epoll,dense,/home/dhruv/Documents/Programming/event-driven-chat-server/epoll/server,direct,1000,1000,1000,4,0,True,"2,4,5,6",True,2,10.0,1000.0,0,10000,10000,0,1000.0,10000,10000,1000.0,10000,1000.0,1000.0,1000.0,1.0,1,1.0,10000,0.0940935,1.1426489499999999,2.852546870000003,15.517679970000001,3.700000000000001,0.592171,1.319030799999999,3.191035920000005,0.082175,1.053838,0,0,0,0,False,none,False,,,,,0,,9484,10000,1,1,5,0,0,0,0,10000,0,10000,20000,0,10000,60000,360000,0,0,0,0,0.0,1.0,37.000000000000014,True,
2026-08-08T02:31:01.477027+00:00,poll,dense,/home/dhruv/Documents/Programming/event-driven-chat-server/poll(2)/server,direct,1000,1000,1000,4,0,True,"2,4,5,6",True,2,10.0,1000.0,0,10000,10000,0,1000.0,9999,10000,999.9,10000,999.9,1000.0,999.9,0.9999,1,1.0,10000,0.5773945,1.2380668499999998,3.141098240000001,24.365120740000005,56.300000000000004,0.7242489999999999,1.7350751499999977,3.1154448,0.157374,0.940625,0,0,0,0,False,none,False,,,,,0,,9103,10000,1,2,6,0,0,0,0,10000,0,10000,20000,0,10000,60000,360000,0,0,0,0,0.0,0.9999,563.0,True,
2026-08-08T02:31:14.753700+00:00,epoll,dense,/home/dhruv/Documents/Programming/event-driven-chat-server/epoll/server,direct,1000,1000,1000,4,0,True,"2,4,5,6",True,2,10.0,5000.0,0,50000,49998,2,4999.8,49998,49998,4999.8,49998,4999.8,4999.8,4999.8,4.9998000000000005,1,1.0,49998,0.0791925,0.6178734999999982,2.272678699999998,47.243923839999994,9.0,0.5316265,1.1516313499999997,2.732438959999992,0.258765,1.085261,0,0,0,0,False,none,False,,,,,0,,39539,49998,1,2,20,0,0,0,0,49998,0,49998,99996,0,49998,299988,1799928,0,0,0,0,4e-05,1.0,18.00072002880115,True,
2026-08-08T02:31:28.008524+00:00,poll,dense,/home/dhruv/Documents/Programming/event-driven-chat-server/poll(2)/server,direct,1000,1000,1000,4,0,True,"2,4,5,6",True,2,10.0,5000.0,0,50000,49998,2,4999.8,49996,49998,4999.6,49998,4999.6,4999.8,4999.6,4.9996,1,1.0,49998,0.4749945,1.0744352499999996,3.2213063299999987,55.28985087,88.50000000000001,0.38864299999999996,1.3485195999999993,3.085587769999999,0.235863,0.811578,0,0,0,0,False,none,False,,,,,0,,20874,49998,2,5,22,0,0,0,0,49998,0,49998,99996,0,49998,299988,1799928,0,0,0,0,4e-05,0.999959998399936,177.00708028321137,True,
2026-08-08T02:31:41.506865+00:00,epoll,dense,/home/dhruv/Documents/Programming/event-driven-chat-server/epoll/server,direct,1000,1000,1000,4,0,True,"2,4,5,6",True,2,10.0,10000.0,0,100000,99995,5,9999.5,99990,99995,9999.0,99995,9999.0,9999.5,9999.0,9.999,1,1.0,99995,0.109158,0.4352997999999991,2.237646899999998,77.4563493,14.399999999999999,0.498612,1.2081844,2.9414022399999995,0.457812,1.068604,0,0,0,0,False,none,False,,,,,0,,72246,99995,1,3,38,0,0,0,0,99995,0,99995,199990,0,99995,599970,3599820,0,0,0,0,5e-05,0.999949997499875,14.4007200360018,True,
2026-08-08T02:31:54.979837+00:00,poll,dense,/home/dhruv/Documents/Programming/event-driven-chat-server/poll(2)/server,direct,1000,1000,1000,4,0,True,"2,4,5,6",True,2,10.0,10000.0,0,100000,100000,0,10000.0,99996,100000,9999.6,100000,9999.6,10000.0,9999.6,9.999600000000001,1,1.0,100000,0.43090249999999997,0.9245885999999994,2.245969949999998,83.70893682999998,98.9,0.24470550000000002,1.1912051499999985,2.8761876499999977,0.402423,1.060956,0,0,0,0,False,none,False,,,,,0,,28464,100000,3,7,39,0,0,0,0,100000,0,100000,200000,0,100000,600000,3600000,0,0,0,0,0.0,0.99996,98.9,True,
2026-08-08T02:32:08.623405+00:00,epoll,dense,/home/dhruv/Documents/Programming/event-driven-chat-server/epoll/server,direct,1000,1000,1000,4,0,True,"2,4,5,6",True,2,10.0,25000.0,0,250000,249983,17,24998.3,249931,249983,24993.1,249983,24993.1,24998.3,24993.1,24.9931,1,1.0,249983,0.194129,1.8525629,3.165489859999999,139.82294291000002,32.4,0.350463,1.1181286,2.6044795799999987,3.208459,0.868118,0,0,0,0,False,none,False,,,,,0,,119364,249983,1,6,113,0,0,0,0,249983,0,249983,499966,0,249983,1499898,8999388,0,0,0,0,6.8e-05,0.9997919858550381,12.960881339931115,True,
2026-08-08T02:32:22.564776+00:00,poll,dense,/home/dhruv/Documents/Programming/event-driven-chat-server/poll(2)/server,direct,1000,1000,1000,4,0,True,"2,4,5,6",True,2,10.0,25000.0,0,250000,249976,24,24997.6,249961,249976,24996.1,249976,24996.1,24997.6,24996.1,24.9961,1,1.0,249976,0.498203,1.0339242499999999,2.72374875,150.26811705,99.9,0.140761,1.159151,2.8248415000000002,0.860168,1.015962,0,0,0,0,False,none,False,,,,,0,,24177,249976,9,20,50,0,0,0,0,249976,0,249976,499952,0,249976,1499856,8999136,0,0,0,0,9.6e-05,0.999939994239447,39.963836528306715,True,
2026-08-08T02:32:36.729134+00:00,epoll,dense,/home/dhruv/Documents/Programming/event-driven-chat-server/epoll/server,direct,1000,1000,1000,4,0,True,"2,4,5,6",True,2,10.0,50000.0,0,500000,499955,45,49995.5,499599,499955,49959.9,499955,49959.9,49995.5,49959.9,49.959900000000005,1,1.0,499955,0.347269,2.7609646,5.054697720000009,326.14009807,81.90000000000002,0.073123,1.3077444999999992,3.033901760000001,4.370887,1.070697,0,0,0,0,False,none,False,,,,,0,,156517,499795,1,10,344,0,0,0,0,499795,0,499795,999590,0,499795,2998770,17992620,0,0,0,0,9e-05,0.9992879359142323,16.381474332689947,True,
2026-08-08T02:32:51.214397+00:00,poll,dense,/home/dhruv/Documents/Programming/event-driven-chat-server/poll(2)/server,direct,1000,1000,1000,4,0,True,"2,4,5,6",True,2,10.0,50000.0,0,500000,499967,33,49996.7,499771,499967,49977.1,499967,49977.1,49996.7,49977.1,49.9771,1,1.0,499967,1.66847,4.789098599999999,7.358396219999975,291.68499982000003,99.8,0.226394,1.7183491,3.427169519999999,5.031067,3.145467,0,0,0,0,False,none,False,,,,,0,,8846,499952,48,123,484,0,0,0,0,499952,0,499952,999904,0,499952,2999712,17998272,0,0,0,0,6.6e-05,0.9996079741262923,19.961317446951497,True,
2026-08-08T02:33:05.907431+00:00,epoll,dense,/home/dhruv/Documents/Programming/event-driven-chat-server/epoll/server,direct,1000,1000,1000,4,0,True,"2,4,5,6",True,2,10.0,100000.0,0,1000000,772970,227030,77297.0,772152,772970,77215.2,772970,77215.2,77297.0,77215.2,77.2152,1,1.0,772970,11.001411000000001,51.65567689999998,90.67206936999987,389.44075405,89.8,19.391,20.5150879,20.87657842,5.278922,0.989403,0,0,0,0,False,none,False,,,,,0,,107979,556362,1,14,944,0,0,0,0,772970,0,772970,1159279,0,556362,4637820,27826920,0,0,0,0,0.22703,0.9989417441815336,11.617527200279442,False,missed offer ratio 0.227030 above 0.010000; scheduler p99 20.877 ms above 20.000 ms; latency p99 90.672 ms above 50.000 ms
2026-08-08T02:33:21.088651+00:00,poll,dense,/home/dhruv/Documents/Programming/event-driven-chat-server/poll(2)/server,direct,1000,1000,1000,4,0,True,"2,4,5,6",True,2,10.0,100000.0,0,1000000,722817,277183,72281.7,722210,722817,72221.0,722817,72221.0,72281.7,72221.0,72.221,1,1.0,722817,10.346463,30.514496599999998,41.542527959999994,395.18179885999996,99.9,19.532315,20.6864574,21.19371404,4.012478,2.615815,0,0,0,0,False,none,False,,,,,0,,5774,674596,89,294,935,0,0,0,0,722817,0,722817,1367191,0,674596,4336902,26021412,0,0,0,0,0.277183,0.9991602300443957,13.820925628478578,False,missed offer ratio 0.277183 above 0.010000; scheduler p99 21.194 ms above 20.000 ms
2026-08-08T02:33:34.647431+00:00,epoll,broadcast,/home/dhruv/Documents/Programming/event-driven-chat-server/epoll/server,broadcast,10,10,10,4,0,True,"2,4,5,6",True,2,10.0,100.0,128,1000,1000,0,100.0,1000,1000,100.0,9000,899.4,100.0,899.4,89.94,9,1.0,1000,0.420749,2.2967260499999957,3.6473983799999994,10.625532149999998,1.4,1.00207,2.353478649999998,3.53016032,0.2986,0.631989,0,0,0,0,False,none,False,,,,,0,,1000,1000,1,1,1,0,0,0,0,9000,0,9000,2000,0,1000,163890,1583010,0,0,0,0,0.0,1.0,140.0,True,
2026-08-08T02:33:46.644802+00:00,poll,broadcast,/home/dhruv/Documents/Programming/event-driven-chat-server/poll(2)/server,broadcast,10,10,10,4,0,True,"2,4,5,6",True,2,10.0,100.0,128,1000,1000,0,100.0,1000,1000,100.0,9000,899.4,100.0,899.4,89.94,9,1.0,1000,0.3494585,1.9868696999999995,3.3475655799999995,9.40891287,1.2,0.8685185,2.0814212,3.0752052199999995,0.285728,0.984589,0,0,0,0,False,none,False,,,,,0,,1000,1000,1,1,1,0,0,0,0,9000,0,9000,2000,0,1000,163890,1583010,0,0,0,0,0.0,1.0,120.0,True,
2026-08-08T02:33:58.713956+00:00,epoll,broadcast,/home/dhruv/Documents/Programming/event-driven-chat-server/epoll/server,broadcast,10,10,10,4,0,True,"2,4,5,6",True,2,10.0,500.0,128,5000,5000,0,500.0,4999,5000,499.9,45000,4495.5,500.0,4495.5,449.55,9,1.0,5000,2.1914255000000002,4.106533950000001,21.503602140000005,12.609467430000002,2.5,0.6618395,1.5451326,2.9246066200000045,0.089572,1.593079,0,0,0,0,False,none,False,,,,,0,,4923,5000,1,1,3,0,0,0,0,45000,0,45000,10000,0,5000,823890,7955010,0,0,0,0,0.0,0.9998,50.0,True,
2026-08-08T02:34:10.805811+00:00,poll,broadcast,/home/dhruv/Documents/Programming/event-driven-chat-server/poll(2)/server,broadcast,10,10,10,4,0,True,"2,4,5,6",True,2,10.0,500.0,128,5000,5000,0,500.0,4999,5000,499.9,45000,4495.5,500.0,4495.5,449.55,9,1.0,5000,2.1948855,4.285982300000001,21.770017020000004,13.512177190000003,2.9,0.6822889999999999,1.4990390000000002,3.2956017600000345,0.127891,0.766377,0,0,0,0,False,none,False,,,,,0,,4911,5000,1,1,3,0,0,0,0,45000,0,45000,10000,0,5000,823890,7955010,0,0,0,0,0.0,0.9998,58.0,True,
2026-08-08T02:34:22.959975+00:00,epoll,broadcast,/home/dhruv/Documents/Programming/event-driven-chat-server/epoll/server,broadcast,10,10,10,4,0,True,"2,4,5,6",True,2,10.0,1000.0,128,10000,10000,0,1000.0,9998,10000,999.8,90000,8995.5,1000.0,8995.5,899.55,9,1.0,10000,1.227225,9.741774649999995,11.35879749,22.885094289999994,4.3999999999999995,0.6284125,1.3784954499999986,2.88645337,0.27449,0.402389,0,0,0,0,False,none,False,,,,,0,,9593,10000,1,1,5,0,0,0,0,90000,0,90000,20000,0,10000,1648890,15920010,0,0,0,0,0.0,0.9998,43.99999999999999,True,
2026-08-08T02:34:35.081339+00:00,poll,broadcast,/home/dhruv/Documents/Programming/event-driven-chat-server/poll(2)/server,broadcast,10,10,10,4,0,True,"2,4,5,6",True,2,10.0,1000.0,128,10000,10000,0,1000.0,9998,10000,999.8,90000,8995.4,1000.0,8995.4,899.54,9,1.0,10000,1.2137245,9.563577249999998,11.25506092,21.91289609,4.7,0.672435,1.6208206499999998,2.717378660000001,0.21083,0.883913,0,0,0,0,False,none,False,,,,,0,,9647,10000,1,1,5,0,0,0,0,90000,0,90000,20000,0,10000,1648890,15920010,0,0,0,0,0.0,0.9998,47.0,True,
2026-08-08T02:34:47.247416+00:00,epoll,broadcast,/home/dhruv/Documents/Programming/event-driven-chat-server/epoll/server,broadcast,10,10,10,4,0,True,"2,4,5,6",True,2,10.0,5000.0,128,50000,49996,4,4999.6,49991,49996,4999.1,449964,44991.7,4999.6,44991.7,4499.17,9,1.0,49996,1.2328549999999998,2.98395025,4.283311300000004,72.41909214,10.700000000000001,0.527166,1.35629875,2.996257750000002,1.865616,0.733556,0,0,0,0,False,none,False,,,,,0,,40390,48416,1,2,10,0,0,0,0,449964,0,449964,98313,0,48416,8288226,79993602,0,0,0,0,8e-05,0.99989999199936,21.40171213697096,True,
2026-08-08T02:34:59.581038+00:00,poll,broadcast,/home/dhruv/Documents/Programming/event-driven-chat-server/poll(2)/server,broadcast,10,10,10,4,0,True,"2,4,5,6",True,2,10.0,5000.0,128,50000,49996,4,4999.6,49988,49996,4998.8,449964,44988.4,4999.6,44988.4,4498.84,9,1.0,49996,1.296433,3.2831245,4.561662400000002,100.68574316999998,16.499999999999996,0.5302285,1.78751275,3.2721916000000006,0.747171,0.934792,0,0,0,0,False,none,False,,,,,0,,39686,48345,1,2,10,0,0,0,0,449946,0,449946,98185,0,48345,8287894,79990398,0,0,0,0,8e-05,0.9998399871989759,33.00264021121689,True,
2026-08-08T02:35:12.192482+00:00,epoll,broadcast,/home/dhruv/Documents/Programming/event-driven-chat-server/epoll/server,broadcast,10,10,10,4,0,True,"2,4,5,6",True,2,10.0,10000.0,128,100000,99996,4,9999.6,99961,99996,9996.1,899964,89964.4,9999.6,89964.4,8996.439999999999,9,1.0,99996,1.021194,3.1706655,4.3350528000000015,171.91380801,32.300000000000004,0.49143749999999997,2.3431275,4.020321750000006,3.207277,0.67454,0,0,0,0,False,none,False,,,,,0,,68575,89871,1,3,10,0,0,236,0,898350,0,900089,187056,0,89823,16588226,160093602,0,0,12100,68,4e-05,0.99964998599944,32.30129205168207,True,
2026-08-08T02:35:24.956831+00:00,poll,broadcast,/home/dhruv/Documents/Programming/event-driven-chat-server/poll(2)/server,broadcast,10,10,10,4,0,True,"2,4,5,6",True,2,10.0,10000.0,128,100000,99996,4,9999.6,99989,99996,9998.9,899964,89990.7,9999.6,89990.7,8999.07,9,1.0,99996,0.8891290000000001,2.2446729999999997,3.6457514000000053,130.05144702,23.400000000000006,0.4601465,1.538551,3.4308557000000004,3.020649,1.630808,0,0,0,0,False,none,False,,,,,0,,78945,95332,1,2,10,0,0,0,0,899963,0,899965,194103,0,95332,16588226,160093602,0,0,174,1,4e-05,0.999929997199888,23.400936037441504,True,
2026-08-08T02:35:37.493336+00:00,epoll,broadcast,/home/dhruv/Documents/Programming/event-driven-chat-server/epoll/server,broadcast,10,10,10,4,0,True,"2,4,5,6",True,2,10.0,25000.0,128,250000,180558,69442,18055.8,111170,111177,11117.0,1137846,113776.7,18055.8,113776.7,11377.67,9,0.7002034433995356,111177,0.55226,2.6345706,3.9674889200000085,184.30951394000002,35.199999999999996,0.5896325,1.7352725499999995,3.779813919999996,6.136246,1.988082,3,0,0,0,False,none,False,,,,,3,,122926,152492,1,2,10,0,0,1969,3,1114485,0,1138896,324367,0,152019,30066297,203066280,3,3,16372,92,0.277768,0.6157024335670532,31.661224893638067,False,unexpected disconnects: 3; delivery ratio 0.700203 below 0.999000; deadline completion ratio 0.615702 below 0.990000; missed offer ratio 0.277768 above 0.010000; unexpected queue overflows: 3
2026-08-08T02:35:50.238117+00:00,poll,broadcast,/home/dhruv/Documents/Programming/event-driven-chat-server/poll(2)/server,broadcast,10,10,10,4,0,True,"2,4,5,6",True,2,10.0,25000.0,128,250000,184614,65386,18461.4,119181,119189,11918.1,1203444,120336.1,18461.4,120336.1,12033.61,9,0.7243004322532419,119189,0.566785,2.7068616,4.12382756,192.87286392000001,37.4,0.633717,2.144895,4.1857563,3.725464,0.300544,3,0,0,0,False,none,False,,,,,3,,126455,159557,1,2,10,0,0,0,0,1174840,0,1204640,336040,0,159067,30738313,214743012,3,3,16372,92,0.261544,0.6455685917644383,31.378734614771496,False,unexpected disconnects: 3; delivery ratio 0.724300 below 0.999000; deadline completion ratio 0.645569 below 0.990000; missed offer ratio 0.261544 above 0.010000; unexpected queue overflows: 3
2026-08-08T02:36:02.748042+00:00,epoll,broadcast,/home/dhruv/Documents/Programming/event-driven-chat-server/epoll/server,broadcast,100,100,100,4,0,True,"2,4,5,6",True,2,10.0,100.0,128,1000,1000,0,100.0,1000,1000,100.0,99000,9899.4,100.0,9899.4,98.994,99,1.0,1000,0.7363824999999999,2.46853365,3.4224866799999996,26.49492893,5.6000000000000005,1.0177079999999998,2.1242723000000003,3.54264604,1.366821,0.627726,0,0,0,0,False,none,False,,,,,0,,1000,1000,1,1,1,0,0,0,0,99000,0,99000,2000,0,1000,166790,17789310,0,0,0,0,0.0,1.0,560.0000000000001,True,
2026-08-08T02:36:14.878184+00:00,poll,broadcast,/home/dhruv/Documents/Programming/event-driven-chat-server/poll(2)/server,broadcast,100,100,100,4,0,True,"2,4,5,6",True,2,10.0,100.0,128,1000,1000,0,100.0,1000,1000,100.0,99000,9899.4,100.0,9899.4,98.994,99,1.0,1000,0.8404725,2.4715469,3.5606931599999996,27.74544465,6.499999999999999,0.9721445,2.205617849999999,3.53176021,3.449246,0.919875,0,0,0,0,False,none,False,,,,,0,,1000,1000,1,1,1,0,0,0,0,99000,0,99000,2000,0,1000,166790,17789310,0,0,0,0,0.0,1.0,649.9999999999999,True,
2026-08-08T02:36:27.000353+00:00,epoll,broadcast,/home/dhruv/Documents/Programming/event-driven-chat-server/epoll/server,broadcast,100,100,100,4,0,True,"2,4,5,6",True,2,10.0,500.0,128,5000,5000,0,500.0,4999,5000,499.9,495000,49419.7,500.0,49419.7,494.19699999999995,99,1.0,5000,2.1859830000000002,3.6857614500000033,36.1023757,46.622092589999994,13.900000000000002,0.6726840000000001,1.2952200500000008,3.062447080000002,2.088358,0.942846,0,0,0,0,False,none,False,,,,,0,,4925,5000,1,1,2,0,0,0,0,495000,0,495000,10000,0,5000,838390,89386110,0,0,0,0,0.0,0.9998,278.00000000000006,True,
2026-08-08T02:36:39.101448+00:00,poll,broadcast,/home/dhruv/Documents/Programming/event-driven-chat-server/poll(2)/server,broadcast,100,100,100,4,0,True,"2,4,5,6",True,2,10.0,500.0,128,5000,5000,0,500.0,4999,5000,499.9,495000,49418.3,500.0,49418.3,494.18300000000005,99,1.0,5000,2.1587725,3.5892029500000002,36.27846076,36.06269209,12.5,0.62917,1.20793455,2.577750330000003,0.755185,2.216447,0,0,0,0,False,none,False,,,,,0,,4911,5000,1,1,3,0,0,0,0,495000,0,495000,10000,0,5000,838390,89386110,0,0,0,0,0.0,0.9998,250.0,True,
2026-08-08T02:36:51.158681+00:00,epoll,broadcast,/home/dhruv/Documents/Programming/event-driven-chat-server/epoll/server,broadcast,100,100,100,4,0,True,"2,4,5,6",True,2,10.0,1000.0,128,10000,10000,0,1000.0,9998,10000,999.8,990000,98914.9,1000.0,98914.9,989.1489999999999,99,1.0,10000,1.29211,17.378571249999993,18.878923110000002,72.09832371,14.200000000000001,0.5945865,1.09577605,2.7575488700000044,6.439596,0.751073,0,0,0,0,False,none,False,,,,,0,,9573,10000,1,1,5,0,0,0,0,990000,0,990000,20000,0,10000,1677890,178882110,0,0,0,0,0.0,0.9998,142.0,True,
2026-08-08T02:37:03.235594+00:00,poll,broadcast,/home/dhruv/Documents/Programming/event-driven-chat-server/poll(2)/server,broadcast,100,100,100,4,0,True,"2,4,5,6",True,2,10.0,1000.0,128,10000,10000,0,1000.0,9997,10000,999.7,990000,98919.1,1000.0,98919.1,989.191,99,1.0,10000,1.265031,16.751650649999995,18.24240786,63.89116040999999,15.8,0.57244,1.0687346999999998,2.756535470000002,1.640603,2.223789,0,0,0,0,False,none,False,,,,,0,,9667,10000,1,1,4,0,0,0,0,990000,0,990000,20000,0,10000,1677890,178882110,0,0,0,0,0.0,0.9997,158.0,True,
2026-08-08T02:37:15.322191+00:00,epoll,broadcast,/home/dhruv/Documents/Programming/event-driven-chat-server/epoll/server,broadcast,100,100,100,4,0,True,"2,4,5,6",True,2,10.0,5000.0,128,50000,33251,16749,3325.1,31355,31380,3135.5,3087175,308481.9,3325.1,308481.9,3084.8190000000004,99,0.937824001040145,31380,7.6124455,33.43595324999999,52.18052956999995,365.57310458000006,68.10000000000001,3.4984595,93.72094399999963,742.8367869299991,61.042085,1.058425,12,0,0,0,False,none,False,,,,,12,,10356,33950,1,12,100,0,0,1556,12,3049371,0,3088409,66376,0,33143,5604612,560381438,12,12,16342,90,0.33498,0.9429791585215482,217.01720841300195,False,unexpected disconnects: 12; delivery ratio 0.937824 below 0.999000; deadline completion ratio 0.942979 below 0.990000; missed offer ratio 0.334980 above 0.010000; scheduler p99 742.837 ms above 20.000 ms; latency p99 52.181 ms above 50.000 ms; read-service gap 61.042 ms above 20.000 ms; unexpected queue overflows: 12
2026-08-08T02:37:27.741275+00:00,poll,broadcast,/home/dhruv/Documents/Programming/event-driven-chat-server/poll(2)/server,broadcast,100,100,100,4,0,True,"2,4,5,6",True,2,10.0,5000.0,128,50000,33805,16195,3380.5,33766,33805,3376.6,3346695,334247.2,3380.5,334247.2,3342.472,99,1.0,33805,9.712005,28.0789652,38.478176679999976,374.0347511599999,71.6,8.7920485,98.27778179999986,130.40937881000002,60.190316,2.772051,0,0,0,0,False,none,False,,,,,0,,7629,33857,2,17,100,0,0,0,0,3345523,0,3346795,67582,0,33777,5700968,607582305,0,0,4350,24,0.3239,0.9988463245082089,211.80298772370952,False,missed offer ratio 0.323900 above 0.010000; scheduler p99 130.409 ms above 20.000 ms; read-service gap 60.190 ms above 20.000 ms
2026-08-08T02:37:40.411565+00:00,epoll,broadcast,/home/dhruv/Documents/Programming/event-driven-chat-server/epoll/server,broadcast,500,500,500,4,0,True,"2,4,5,6",True,2,10.0,100.0,128,1000,1000,0,100.0,1000,1000,100.0,499000,49899.4,100.0,49899.4,99.7988,499,1.0,1000,1.9033245,4.25132925,5.530462709999998,94.87285705000002,24.6,0.7142109999999999,1.7431757999999997,2.906555259999999,7.40133,1.101767,0,0,0,0,False,none,False,,,,,0,,1000,1000,1,1,1,0,0,0,0,499000,0,499000,2000,0,1000,167670,90543550,0,0,0,0,0.0,1.0,2460.0,True,
2026-08-08T02:37:52.641040+00:00,poll,broadcast,/home/dhruv/Documents/Programming/event-driven-chat-server/poll(2)/server,broadcast,500,500,500,4,0,True,"2,4,5,6",True,2,10.0,100.0,128,1000,1000,0,100.0,1000,1000,100.0,499000,49899.4,100.0,49899.4,99.7988,499,1.0,1000,1.964162,4.533707349999999,5.927006139999999,81.97113313,26.3,0.6293135000000001,1.452742599999998,2.5368795199999985,7.274513,0.942967,0,0,0,0,False,none,False,,,,,0,,1000,1000,1,1,1,0,0,0,0,499000,0,499000,2000,0,1000,167670,90543550,0,0,0,0,0.0,1.0,2630.0,True,
2026-08-08T02:38:04.906657+00:00,epoll,broadcast,/home/dhruv/Documents/Programming/event-driven-chat-server/epoll/server,broadcast,500,500,500,4,0,True,"2,4,5,6",True,2,10.0,500.0,128,5000,4990,10,499.0,4987,4990,498.7,2490010,248583.2,499.0,248583.2,497.1664,499,1.0,4990,2.386775,43.163402000000005,73.35441577999993,201.41379096999995,57.599999999999994,0.5904865,3.0115886500000006,6.204465660000002,43.318351,1.48133,0,0,0,0,False,none,False,,,,,0,,4487,4990,1,2,45,0,0,0,0,2490010,0,2490010,9980,0,4990,841124,454039102,0,0,0,0,0.002,0.9993987975951903,1154.308617234469,False,latency p99 73.354 ms above 50.000 ms; read-service gap 43.318 ms above 20.000 ms
2026-08-08T02:38:17.145633+00:00,poll,broadcast,/home/dhruv/Documents/Programming/event-driven-chat-server/poll(2)/server,broadcast,500,500,500,4,0,True,"2,4,5,6",True,2,10.0,500.0,128,5000,4986,14,498.6,4984,4986,498.4,2488014,248377.6,498.6,248377.6,496.7552,499,1.0,4986,4.3166485,50.34439725,78.34190304999997,292.42397420000003,78.60000000000001,0.701564,5.404559300000002,10.205166220000011,40.306131,3.621098,0,0,0,0,False,none,False,,,,,0,,3571,4986,1,3,39,0,0,0,0,2488014,0,2488014,9972,0,4986,840434,453663355,0,0,0,0,0.0028,0.9995988768551946,1576.4139590854395,False,latency p99 78.342 ms above 50.000 ms; read-service gap 40.306 ms above 20.000 ms
2026-08-08T02:38:29.470286+00:00,poll,sparse,/home/dhruv/Documents/Programming/event-driven-chat-server/poll(2)/server,direct,1000,1,1000,4,0,True,"2,4,5,6",True,3,10.0,2000.0,0,20000,20000,0,2000.0,19999,20000,1999.9,20000,1999.9,2000.0,1999.9,1.9999,1,1.0,20000,0.33707600000000004,1.405789,2.6239062099999857,9.18624634,40.7,0.459604,1.0578237499999998,2.4509956799999983,0.020143,0.940816,0,0,0,0,False,none,False,,,,,0,,10362,10362,1,1,1,0,0,0,0,20000,0,20000,22658,0,10362,120000,720000,0,0,0,0,0.0,0.99995,203.5,True,
2026-08-08T02:38:41.731089+00:00,epoll,sparse,/home/dhruv/Documents/Programming/event-driven-chat-server/epoll/server,direct,1000,1,1000,4,0,True,"2,4,5,6",True,3,10.0,2000.0,0,20000,20000,0,2000.0,19999,20000,1999.9,20000,1999.9,2000.0,1999.9,1.9999,1,1.0,20000,0.114439,1.25580085,2.625909419999982,11.80672569,3.2,0.5669065,1.06490015,2.648843839999998,0.023534,0.944438,0,0,0,0,False,none,False,,,,,0,,16383,16383,1,1,1,0,0,0,0,20000,0,20000,34650,0,16383,120000,720000,0,0,0,0,0.0,0.99995,16.0,True,
2026-08-08T02:38:53.872320+00:00,poll,sparse,/home/dhruv/Documents/Programming/event-driven-chat-server/poll(2)/server,direct,1000,10,1000,4,0,True,"2,4,5,6",True,3,10.0,2000.0,0,20000,19998,2,1999.8,19998,19998,1999.8,19998,1999.8,1999.8,1999.8,1.9998,1,1.0,19998,0.26831950000000004,0.738833149999996,2.200123919999993,18.236239169999998,55.1,0.5906065,1.089240099999999,2.63734866,0.132189,0.637488,0,0,0,0,False,none,False,,,,,0,,17454,19997,1,2,9,0,0,0,0,19998,0,19998,39995,0,19997,119988,719928,0,0,0,0,0.0001,1.0,275.5275527552755,True,
2026-08-08T02:39:06.062611+00:00,epoll,sparse,/home/dhruv/Documents/Programming/event-driven-chat-server/epoll/server,direct,1000,10,1000,4,0,True,"2,4,5,6",True,3,10.0,2000.0,0,20000,20000,0,2000.0,19998,20000,1999.8,20000,1999.8,2000.0,1999.8,1.9998,1,1.0,20000,0.0611115,0.5865326499999997,2.1055607599999937,18.140846449999998,4.6,0.581028,1.0856255999999995,2.562432599999996,0.157104,0.718796,0,0,0,0,False,none,False,,,,,0,,18511,19999,1,2,8,0,0,0,0,20000,0,20000,39999,0,19999,120000,720000,0,0,0,0,0.0,0.9999,23.0,True,
2026-08-08T02:39:18.194240+00:00,poll,sparse,/home/dhruv/Documents/Programming/event-driven-chat-server/poll(2)/server,direct,1000,100,1000,4,0,True,"2,4,5,6",True,3,10.0,2000.0,0,20000,19998,2,1999.8,19998,19998,1999.8,19998,1999.8,1999.8,1999.8,1.9998,1,1.0,19998,0.23922,0.8021980999999999,2.3483912299999794,17.49463743,54.0,0.6016745,1.1136182,2.684677809999989,0.188985,1.010188,0,0,0,0,False,none,False,,,,,0,,17682,19998,1,2,8,0,0,0,0,19998,0,19998,39996,0,19998,119988,719928,0,0,0,0,0.0001,1.0,270.02700270027003,True,
2026-08-08T02:39:30.480056+00:00,epoll,sparse,/home/dhruv/Documents/Programming/event-driven-chat-server/epoll/server,direct,1000,100,1000,4,0,True,"2,4,5,6",True,3,10.0,2000.0,0,20000,19999,1,1999.9,19997,19999,1999.7,19999,1999.7,1999.9,1999.7,1.9997,1,1.0,19999,0.064734,0.7718425999999972,2.3625625400000003,19.114351300000003,4.7,0.603865,1.155234199999996,2.708452640000001,0.155034,1.307297,0,0,0,0,False,none,False,,,,,0,,18008,19999,1,2,8,0,0,0,0,19999,0,19999,39998,0,19999,119994,719964,0,0,0,0,5e-05,0.99989999499975,23.50117505875294,True,
2026-08-08T02:39:45.146600+00:00,poll,sparse,/home/dhruv/Documents/Programming/event-driven-chat-server/poll(2)/server,direct,5000,1,5000,4,0,True,"2,4,5,6",True,3,10.0,2000.0,0,20000,20000,0,2000.0,19993,20000,1999.3,20000,1999.3,2000.0,1999.3,0.39986,1,1.0,20000,1.9115885,3.7672967499999994,4.45390473,11.37777965,99.60000000000001,0.529539,1.0785519000000001,2.3120796699999997,0.012724,1.029022,0,0,0,0,False,none,False,,,,,0,,3111,3111,1,1,1,0,0,0,0,20000,0,20000,9233,0,3111,120000,720000,0,0,0,0,0.0,0.99965,498.0000000000001,True,
2026-08-08T02:39:58.156685+00:00,epoll,sparse,/home/dhruv/Documents/Programming/event-driven-chat-server/epoll/server,direct,5000,1,5000,4,0,True,"2,4,5,6",True,3,10.0,2000.0,0,20000,20000,0,2000.0,19999,20000,1999.9,20000,1999.9,2000.0,1999.9,0.39998,1,1.0,20000,0.109572,1.21999675,2.621039149999998,11.096453850000001,3.0000000000000004,0.5699195,1.0680542,2.6947473599999996,0.009844,3.185301,0,0,0,0,False,none,False,,,,,0,,16578,16578,1,1,1,0,0,0,0,20000,0,20000,34911,0,16578,120000,720000,0,0,0,0,0.0,0.99995,15.000000000000004,True,
2026-08-08T02:40:12.573214+00:00,poll,sparse,/home/dhruv/Documents/Programming/event-driven-chat-server/poll(2)/server,direct,5000,10,5000,4,0,True,"2,4,5,6",True,3,10.0,2000.0,0,20000,20000,0,2000.0,19990,20000,1999.0,20000,1999.0,2000.0,1999.0,0.3998,1,1.0,20000,3.8259790000000002,5.9078645000000005,7.337639909999997,31.27735499,99.79999999999998,0.5536985,1.4068592499999997,3.0049276099999993,0.226446,1.007024,0,0,0,0,False,none,False,,,,,0,,6021,18998,3,5,10,0,0,0,0,20000,0,20000,38498,0,18998,120000,720000,0,0,0,0,0.0,0.9995,498.9999999999999,True,
2026-08-08T02:40:26.311366+00:00,epoll,sparse,/home/dhruv/Documents/Programming/event-driven-chat-server/epoll/server,direct,5000,10,5000,4,0,True,"2,4,5,6",True,3,10.0,2000.0,0,20000,20000,0,2000.0,20000,20000,2000.0,20000,2000.0,2000.0,2000.0,0.4,1,1.0,20000,0.12181800000000001,1.0730231499999998,2.8302416299999935,34.76491267,7.000000000000001,0.6190985,1.5360017499999996,3.1735011499999994,0.225677,0.805923,0,0,0,0,False,none,False,,,,,0,,17396,19994,1,2,10,0,0,0,0,20000,0,20000,39994,0,19994,120000,720000,0,0,0,0,0.0,1.0,35.00000000000001,True,
2026-08-08T02:40:43.060298+00:00,poll,sparse,/home/dhruv/Documents/Programming/event-driven-chat-server/poll(2)/server,direct,5000,100,5000,4,0,True,"2,4,5,6",True,3,10.0,2000.0,0,20000,19999,1,1999.9,19993,19999,1999.3,19999,1999.3,1999.9,1999.3,0.39986,1,1.0,19999,3.808671,5.968067199999999,7.210279440000002,45.77945477,99.8,0.58461,1.7100456999999982,3.2644488,0.43203,1.57814,0,0,0,0,False,none,False,,,,,0,,4081,19999,5,7,21,0,0,0,0,19999,0,19999,39998,0,19999,119994,719964,0,0,0,0,5e-05,0.99969998499925,499.0249512475624,True,
2026-08-08T02:40:56.585471+00:00,epoll,sparse,/home/dhruv/Documents/Programming/event-driven-chat-server/epoll/server,direct,5000,100,5000,4,0,True,"2,4,5,6",True,3,10.0,2000.0,0,20000,19998,2,1999.8,19998,19998,1999.8,19998,1999.8,1999.8,1999.8,0.39996,1,1.0,19998,0.096314,1.1543894999999984,2.7767186799999983,29.20485934,5.500000000000001,0.602991,1.3292639499999988,2.856055549999999,0.176174,0.745227,0,0,0,0,False,none,False,,,,,0,,17068,19998,1,2,9,0,0,0,0,19998,0,19998,39996,0,19998,119988,719928,0,0,0,0,0.0001,1.0,27.50275027502751,True,
2026-08-08T02:41:23.395212+00:00,poll,sparse,/home/dhruv/Documents/Programming/event-driven-chat-server/poll(2)/server,direct,10000,1,10000,4,0,True,"2,4,5,6",True,3,10.0,2000.0,0,20000,20000,0,2000.0,19978,20000,1997.8,20000,1997.8,2000.0,1997.8,0.19977999999999999,1,1.0,20000,5.818433499999999,10.758259249999998,12.288076749999988,13.882327349999999,99.9,0.5857775000000001,1.1881751999999994,2.905167229999998,0.011023,0.928977,0,0,0,0,False,none,False,,,,,0,,949,949,1,1,1,0,0,0,0,20000,0,20000,2854,0,945,120000,720000,0,0,0,0,0.0,0.9989,499.5,True,
2026-08-08T02:41:37.636002+00:00,epoll,sparse,/home/dhruv/Documents/Programming/event-driven-chat-server/epoll/server,direct,10000,1,10000,4,0,True,"2,4,5,6",True,3,10.0,2000.0,0,20000,19999,1,1999.9,19998,19999,1999.8,19999,1999.8,1999.9,1999.8,0.19998,1,1.0,19999,0.17087,1.4280320999999996,3.014127180000003,13.79668363,3.4999999999999996,0.586037,1.1952203999999986,2.9171446200000006,0.013285,0.482495,0,0,0,0,False,none,False,,,,,0,,15983,15983,1,1,1,0,0,0,0,19999,0,19999,33764,0,15983,119994,719964,0,0,0,0,5e-05,0.999949997499875,17.500875043752185,True,
2026-08-08T02:42:04.018063+00:00,poll,sparse,/home/dhruv/Documents/Programming/event-driven-chat-server/poll(2)/server,direct,10000,10,10000,4,0,True,"2,4,5,6",True,3,10.0,2000.0,0,20000,20000,0,2000.0,19989,20000,1998.9,20000,1998.9,2000.0,1998.9,0.19989,1,1.0,20000,5.406325000000001,6.856060799999999,7.7223560899999875,23.794140040000002,100.0,0.569866,1.0790743999999999,2.352585589999995,0.149236,0.728094,0,0,0,0,False,none,False,,,,,0,,3014,12165,4,6,9,0,0,0,0,20000,0,20000,25114,0,12165,120000,720000,0,0,0,0,0.0,0.99945,500.0,True,
2026-08-08T02:42:17.992809+00:00,epoll,sparse,/home/dhruv/Documents/Programming/event-driven-chat-server/epoll/server,direct,10000,10,10000,4,0,True,"2,4,5,6",True,3,10.0,2000.0,0,20000,20000,0,2000.0,20000,20000,2000.0,20000,2000.0,2000.0,2000.0,0.2,1,1.0,20000,0.0836635,0.2097033,1.9525454599999996,25.375285100000006,6.800000000000001,0.5759995,1.06457405,2.722386999999995,0.181,0.970056,0,0,0,0,False,none,False,,,,,0,,18870,19999,1,1,10,0,0,0,0,20000,0,20000,39999,0,19999,120000,720000,0,0,0,0,0.0,1.0,34.0,True,
2026-08-08T02:42:41.624176+00:00,poll,sparse,/home/dhruv/Documents/Programming/event-driven-chat-server/poll(2)/server,direct,10000,100,10000,4,0,True,"2,4,5,6",True,3,10.0,2000.0,0,20000,20000,0,2000.0,19989,20000,1998.9,20000,1998.9,2000.0,1998.9,0.19989,1,1.0,20000,6.657671499999999,8.9808504,9.94681201999999,36.84652176,99.89999999999999,0.6111415,1.6065184,3.213953559999999,0.217455,1.029302,0,0,0,0,False,none,False,,,,,0,,2350,19997,8,10,26,0,0,0,0,19997,0,19997,39994,0,19997,119982,719892,0,0,0,0,0.0,0.99945,499.4999999999999,True,
2026-08-08T02:42:55.748317+00:00,epoll,sparse,/home/dhruv/Documents/Programming/event-driven-chat-server/epoll/server,direct,10000,100,10000,4,0,True,"2,4,5,6",True,3,10.0,2000.0,0,20000,19999,1,1999.9,19999,19999,1999.9,19999,1999.9,1999.9,1999.9,0.19999,1,1.0,19999,0.08516,0.4786648999999999,2.306331080000001,28.135614870000005,5.4,0.602369,1.1844553999999996,2.9029838600000017,0.151803,0.731845,0,0,0,0,False,none,False,,,,,0,,17927,19999,1,2,9,0,0,0,0,19999,0,19999,39998,0,19999,119994,719964,0,0,0,0,5e-05,1.0,27.001350067503374,True,
2026-08-08T02:43:58.863359+00:00,poll,sparse,/home/dhruv/Documents/Programming/event-driven-chat-server/poll(2)/server,direct,20000,1,20000,4,0,True,"2,4,5,6",True,3,10.0,2000.0,0,20000,19999,1,1999.9,19972,19999,1997.2,19999,1997.2,1999.9,1997.2,0.09986,1,1.0,19999,9.553284,19.143746999999998,23.82083702000001,10.005761949999998,100.0,0.585036,1.1463949999999996,2.27883178,0.014566,2.58441,0,0,0,0,False,none,False,,,,,0,,731,731,1,1,1,0,0,0,0,19999,0,19999,1704,0,244,119994,719964,0,0,0,0,5e-05,0.9986499324966248,500.02500125006253,True,
2026-08-08T02:44:17.810185+00:00,epoll,sparse,/home/dhruv/Documents/Programming/event-driven-chat-server/epoll/server,direct,20000,1,20000,4,0,True,"2,4,5,6",True,3,10.0,2000.0,0,20000,20000,0,2000.0,19999,20000,1999.9,20000,1999.9,2000.0,1999.9,0.099995,1,1.0,20000,0.193004,1.8053257499999977,3.134075089999999,12.40454905,3.2000000000000006,0.5600925,1.0824337499999999,2.65358042999998,0.011034,1.005274,0,0,0,0,False,none,False,,,,,0,,15468,15468,1,1,1,0,0,0,0,20000,0,20000,32930,0,15468,120000,720000,0,0,0,0,0.0,0.99995,16.000000000000004,True,
2026-08-08T02:45:21.199914+00:00,poll,sparse,/home/dhruv/Documents/Programming/event-driven-chat-server/poll(2)/server,direct,20000,10,20000,4,0,True,"2,4,5,6",True,3,10.0,2000.0,0,20000,19999,1,1999.9,19984,19999,1998.4,19999,1998.4,1999.9,1998.4,0.09992000000000001,1,1.0,19999,8.01783,15.3482839,17.57573592,24.040296030000004,99.79999999999997,0.590231,1.1491411999999999,2.5888721800000005,0.141551,0.943551,0,0,0,0,False,none,False,,,,,0,,1356,6932,5,7,9,0,0,0,0,19998,0,19998,18953,0,6932,119988,719928,0,0,0,0,5e-05,0.9992499624981249,499.02495124756217,True,
2026-08-08T02:45:40.392495+00:00,epoll,sparse,/home/dhruv/Documents/Programming/event-driven-chat-server/epoll/server,direct,20000,10,20000,4,0,True,"2,4,5,6",True,3,10.0,2000.0,0,20000,19999,1,1999.9,19997,19999,1999.7,19999,1999.7,1999.9,1999.7,0.099985,1,1.0,19999,0.08618,0.5762825,2.257586600000002,26.427331750000004,5.799999999999998,0.608657,1.4622108999999985,2.9273333200000007,0.143831,1.058938,0,0,0,0,False,none,False,,,,,0,,18384,19997,1,2,9,0,0,0,0,19999,0,19999,39996,0,19997,119994,719964,0,0,0,0,5e-05,0.99989999499975,29.001450072503612,True,
2026-08-08T02:47:03.081657+00:00,poll,sparse,/home/dhruv/Documents/Programming/event-driven-chat-server/poll(2)/server,direct,20000,100,20000,4,0,True,"2,4,5,6",True,3,10.0,2000.0,0,20000,20000,0,2000.0,19974,20000,1997.4,20000,1997.4,2000.0,1997.4,0.09987,1,1.0,20000,15.474872999999999,20.986264300000002,23.14498383999998,41.41685497000001,100.0,0.632142,1.7702259499999995,3.284106409999999,0.515889,0.76773,0,0,0,0,False,none,False,,,,,0,,967,19994,20,25,31,0,0,0,0,19994,0,19994,39988,0,19994,119964,719784,0,0,0,0,0.0,0.9987,500.0,True,
2026-08-08T02:47:22.762254+00:00,epoll,sparse,/home/dhruv/Documents/Programming/event-driven-chat-server/epoll/server,direct,20000,100,20000,4,0,True,"2,4,5,6",True,3,10.0,2000.0,0,20000,19999,1,1999.9,19999,19999,1999.9,19999,1999.9,1999.9,1999.9,0.099995,1,1.0,19999,0.111157,0.9531068999999991,2.5930615000000015,35.51546964,6.2,0.627538,1.5332779999999993,3.04736056,0.169036,0.868109,0,0,0,0,False,none,False,,,,,0,,17682,19999,1,2,8,0,0,0,0,19999,0,19999,39998,0,19999,119994,719964,0,0,0,0,5e-05,1.0,31.001550077503875,True,
2026-08-08T02:47:35.009031+00:00,poll,dense,/home/dhruv/Documents/Programming/event-driven-chat-server/poll(2)/server,direct,100,100,100,4,0,True,"2,4,5,6",True,3,10.0,1000.0,0,10000,10000,0,1000.0,10000,10000,1000.0,10000,1000.0,1000.0,1000.0,10.0,1,1.0,10000,0.236846,0.9981703999999999,2.7405028000000002,22.309412379999998,10.299999999999997,0.6719975,1.5207840999999958,2.7225878700000004,0.103264,0.992327,0,0,0,0,False,none,False,,,,,0,,9505,10000,1,1,5,0,0,0,0,10000,0,10000,20000,0,10000,60000,360000,0,0,0,0,0.0,1.0,102.99999999999997,True,
2026-08-08T02:47:47.217135+00:00,epoll,dense,/home/dhruv/Documents/Programming/event-driven-chat-server/epoll/server,direct,100,100,100,4,0,True,"2,4,5,6",True,3,10.0,1000.0,0,10000,10000,0,1000.0,10000,10000,1000.0,10000,1000.0,1000.0,1000.0,10.0,1,1.0,10000,0.1763295,1.2030602499999965,2.8466616200000003,21.95040169,5.6000000000000005,0.6493135,1.43544915,3.3659284400000002,0.091479,1.408649,0,0,0,0,False,none,False,,,,,0,,9470,10000,1,1,5,0,0,0,0,10000,0,10000,20000,0,10000,60000,360000,0,0,0,0,0.0,1.0,56.000000000000014,True,
2026-08-08T02:47:59.412070+00:00,poll,dense,/home/dhruv/Documents/Programming/event-driven-chat-server/poll(2)/server,direct,100,100,100,4,0,True,"2,4,5,6",True,3,10.0,5000.0,0,50000,49999,1,4999.9,49998,49999,4999.8,49999,4999.8,4999.9,4999.8,49.998000000000005,1,1.0,49999,0.123526,1.0728604999999998,2.8199152399999967,54.8767907,20.900000000000002,0.514805,1.1661649999999997,2.8263900599999934,0.240943,1.021613,0,0,0,0,False,none,False,,,,,0,,32674,49999,1,3,21,0,0,0,0,49999,0,49999,99998,0,49999,299994,1799964,0,0,0,0,2e-05,0.999979999599992,41.80083601672034,True,
2026-08-08T02:48:11.780475+00:00,epoll,dense,/home/dhruv/Documents/Programming/event-driven-chat-server/epoll/server,direct,100,100,100,4,0,True,"2,4,5,6",True,3,10.0,5000.0,0,50000,49997,3,4999.7,49997,49997,4999.7,49997,4999.7,4999.7,4999.7,49.997,1,1.0,49997,0.097736,0.8821377999999997,2.4768264800000024,57.74659026,9.9,0.52504,1.1632428,2.819787120000001,0.364542,2.16121,0,0,0,0,False,none,False,,,,,0,,39186,49997,1,2,22,0,0,0,0,49997,0,49997,99994,0,49997,299982,1799892,0,0,0,0,6e-05,1.0,19.801188071284276,True,
2026-08-08T02:48:24.184202+00:00,poll,dense,/home/dhruv/Documents/Programming/event-driven-chat-server/poll(2)/server,direct,100,100,100,4,0,True,"2,4,5,6",True,3,10.0,10000.0,0,100000,99998,2,9999.8,99995,99998,9999.5,99998,9999.5,9999.8,9999.5,99.995,1,1.0,99998,0.165225,1.1185012499999993,2.9405525499999974,89.21286008999999,33.599999999999994,0.47424299999999997,1.3418109999999974,3.0474823999999994,0.446671,0.430951,0,0,0,0,False,none,False,,,,,0,,48801,99998,1,5,41,0,0,0,0,99998,0,99998,199996,0,99998,599988,3599928,0,0,0,0,2e-05,0.999969999399988,33.60067201344027,True,
2026-08-08T02:48:36.941529+00:00,epoll,dense,/home/dhruv/Documents/Programming/event-driven-chat-server/epoll/server,direct,100,100,100,4,0,True,"2,4,5,6",True,3,10.0,10000.0,0,100000,99997,3,9999.7,99997,99997,9999.7,99997,9999.7,9999.7,9999.7,99.99700000000001,1,1.0,99997,0.10198,1.3558746,2.9725307599999895,70.98583525000001,15.799999999999997,0.494951,1.4113637999999995,3.0278303999999965,1.785031,0.951969,0,0,0,0,False,none,False,,,,,0,,63987,99997,1,3,46,0,0,0,0,99997,0,99997,199994,0,99997,599982,3599892,0,0,0,0,3e-05,1.0,15.800474014220423,True,
2026-08-08T02:48:49.953673+00:00,poll,dense,/home/dhruv/Documents/Programming/event-driven-chat-server/poll(2)/server,direct,100,100,100,4,0,True,"2,4,5,6",True,3,10.0,25000.0,0,250000,249980,20,24998.0,249980,249980,24998.0,249980,24998.0,24998.0,24998.0,249.98,1,1.0,249980,0.2409325,1.5572865499999993,3.5298639999999977,173.99623941,64.8,0.243883,1.2233544499999989,2.9158157399999975,2.181013,1.071106,0,0,0,0,False,none,False,,,,,0,,83147,248905,2,9,94,0,0,0,0,249980,0,249980,498885,0,248905,1499880,8999280,0,0,0,0,8e-05,1.0,25.92207376590127,True,
2026-08-08T02:49:02.754559+00:00,epoll,dense,/home/dhruv/Documents/Programming/event-driven-chat-server/epoll/server,direct,100,100,100,4,0,True,"2,4,5,6",True,3,10.0,25000.0,0,250000,249997,3,24999.7,249984,249997,24998.4,249997,24998.4,24999.7,24998.4,249.984,1,1.0,249997,0.197919,1.577922999999996,3.149816880000002,149.84956295,36.4,0.350341,1.3009671999999997,2.996368400000003,4.414178,1.050109,0,0,0,0,False,none,False,,,,,0,,133306,249332,1,5,100,0,0,0,0,249997,0,249997,499329,0,249332,1499982,8999892,0,0,0,0,1.2e-05,0.9999479993759925,14.560174722096665,True,
2026-08-08T02:49:16.013881+00:00,poll,dense,/home/dhruv/Documents/Programming/event-driven-chat-server/poll(2)/server,direct,100,100,100,4,0,True,"2,4,5,6",True,3,10.0,50000.0,0,500000,499996,4,49999.6,499881,499996,49988.1,499996,49988.1,49999.6,49988.1,499.881,1,1.0,499996,2.1251395,3.201018,4.929592249999998,356.81163284,92.0,0.17194150000000002,1.2431675,2.9554332999999993,6.736545,0.829469,0,0,0,0,False,none,False,,,,,0,,155947,493300,2,8,100,0,0,0,0,499996,0,499996,988316,0,493300,2999976,17999856,0,0,0,0,8e-06,0.9997699981599852,18.40014720117761,True,
2026-08-08T02:49:29.625691+00:00,epoll,dense,/home/dhruv/Documents/Programming/event-driven-chat-server/epoll/server,direct,100,100,100,4,0,True,"2,4,5,6",True,3,10.0,50000.0,0,500000,499965,35,49996.5,499853,499965,49985.3,499965,49985.3,49996.5,49985.3,499.853,1,1.0,499965,2.098622,3.3228779999999998,5.262117119999999,334.39884006,57.599999999999994,0.157554,1.5264395999999993,3.215141559999998,4.936424,0.653648,0,0,0,0,False,none,False,,,,,0,,304960,486745,1,3,100,0,0,0,0,499965,0,499965,975598,0,486745,2999790,17998740,0,0,0,0,7e-05,0.9997759843189024,11.520806456451952,True,
2026-08-08T02:49:43.230904+00:00,poll,dense,/home/dhruv/Documents/Programming/event-driven-chat-server/poll(2)/server,direct,100,100,100,4,0,True,"2,4,5,6",True,3,10.0,100000.0,0,1000000,786619,213381,78661.9,786459,786619,78645.9,786619,78645.9,78661.9,78645.9,786.459,1,1.0,786619,1.782721,9.1130918,15.033517319999984,389.07090721000003,88.4,19.1299855,20.387798,20.541067260000002,6.792385,0.577151,0,0,0,0,False,none,False,,,,,0,,100846,531814,3,16,100,0,0,0,0,786619,0,786619,1098722,0,531744,4719714,28318284,0,0,0,0,0.213381,0.9997965978446999,11.237969080329867,False,missed offer ratio 0.213381 above 0.010000; scheduler p99 20.541 ms above 20.000 ms
2026-08-08T02:49:57.254150+00:00,epoll,dense,/home/dhruv/Documents/Programming/event-driven-chat-server/epoll/server,direct,100,100,100,4,0,True,"2,4,5,6",True,3,10.0,100000.0,0,1000000,915305,84695,91530.5,914528,915305,91452.8,915305,91452.8,91530.5,91452.8,914.528,1,1.0,915305,2.176969,7.992272799999996,18.39007563999998,376.19076045,80.0,9.9426875,20.16591725,20.3883022,7.772239,0.77038,0,0,0,0,False,none,False,,,,,0,,189990,493808,1,6,100,0,0,0,0,915234,0,915234,1064289,0,493640,5491404,32948424,0,0,0,0,0.084695,0.9991511026379185,8.74025598024702,False,missed offer ratio 0.084695 above 0.010000; scheduler p99 20.388 ms above 20.000 ms
2026-08-08T02:50:11.180105+00:00,poll,dense,/home/dhruv/Documents/Programming/event-driven-chat-server/poll(2)/server,direct,500,500,500,4,0,True,"2,4,5,6",True,3,10.0,1000.0,0,10000,10000,0,1000.0,10000,10000,1000.0,10000,1000.0,1000.0,1000.0,2.0,1,1.0,10000,0.32384250000000003,0.8617342999999994,2.5143917700000014,18.47106462,28.900000000000002,0.6541494999999999,1.5988768,2.842544310000013,0.069793,0.75386,0,0,0,0,False,none,False,,,,,0,,9521,10000,1,1,5,0,0,0,0,10000,0,10000,20000,0,10000,60000,360000,0,0,0,0,0.0,1.0,289.0,True,
2026-08-08T02:50:23.431061+00:00,epoll,dense,/home/dhruv/Documents/Programming/event-driven-chat-server/epoll/server,direct,500,500,500,4,0,True,"2,4,5,6",True,3,10.0,1000.0,0,10000,9999,1,999.9,9999,9999,999.9,9999,999.9,999.9,999.9,1.9998,1,1.0,9999,0.123135,1.2430958,2.8576775000000034,16.574970979999996,4.9,0.58173,1.5711998000000007,3.0639409200000003,0.120694,0.798248,0,0,0,0,False,none,False,,,,,0,,9423,9999,1,1,5,0,0,0,0,9999,0,9999,19998,0,9999,59994,359964,0,0,0,0,0.0001,1.0,49.004900490049,True,
2026-08-08T02:50:35.652143+00:00,poll,dense,/home/dhruv/Documents/Programming/event-driven-chat-server/poll(2)/server,direct,500,500,500,4,0,True,"2,4,5,6",True,3,10.0,5000.0,0,50000,49998,2,4999.8,49997,49998,4999.7,49998,4999.7,4999.8,4999.7,9.9994,1,1.0,49998,0.2904825,1.0068737499999996,2.967123059999993,55.459259360000004,61.19999999999999,0.5267255,1.6502901999999995,3.2123745799999908,0.370992,2.827586,0,0,0,0,False,none,False,,,,,0,,25077,49998,2,5,23,0,0,0,0,49998,0,49998,99996,0,49998,299988,1799928,0,0,0,0,4e-05,0.999979999199968,122.40489619584781,True,
2026-08-08T02:50:48.456974+00:00,epoll,dense,/home/dhruv/Documents/Programming/event-driven-chat-server/epoll/server,direct,500,500,500,4,0,True,"2,4,5,6",True,3,10.0,5000.0,0,50000,49998,2,4999.8,49998,49998,4999.8,49998,4999.8,4999.8,4999.8,9.999600000000001,1,1.0,49998,0.0833885,0.9761469999999992,2.5351067899999973,49.11186429999999,8.799999999999999,0.5312939999999999,1.1727191999999993,2.8518248899999996,0.299617,0.948331,0,0,0,0,False,none,False,,,,,0,,38494,49998,1,2,25,0,0,0,0,49998,0,49998,99996,0,49998,299988,1799928,0,0,0,0,4e-05,1.0,17.600704028161125,True,
2026-08-08T02:51:00.846439+00:00,poll,dense,/home/dhruv/Documents/Programming/event-driven-chat-server/poll(2)/server,direct,500,500,500,4,0,True,"2,4,5,6",True,3,10.0,10000.0,0,100000,99995,5,9999.5,99992,99995,9999.2,99995,9999.2,9999.5,9999.2,19.9984,1,1.0,99995,0.255844,0.931676999999999,2.873866659999995,68.81004032999999,66.5,0.443252,1.3222930999999998,3.001084019999999,0.414256,0.928053,0,0,0,0,False,none,False,,,,,0,,32064,99995,3,8,47,0,0,0,0,99995,0,99995,199990,0,99995,599970,3599820,0,0,0,0,5e-05,0.999969998499925,66.5033251662583,True,
2026-08-08T02:51:13.193305+00:00,epoll,dense,/home/dhruv/Documents/Programming/event-driven-chat-server/epoll/server,direct,500,500,500,4,0,True,"2,4,5,6",True,3,10.0,10000.0,0,100000,99992,8,9999.2,99992,99992,9999.2,99992,9999.2,9999.2,9999.2,19.9984,1,1.0,99992,0.0713395,0.9325159999999982,2.494907699999999,49.461033179999994,11.899999999999999,0.4959305,1.05961,2.4598707099999912,0.358296,0.339117,0,0,0,0,False,none,False,,,,,0,,64671,99992,1,3,47,0,0,0,0,99992,0,99992,199984,0,99992,599952,3599712,0,0,0,0,8e-05,1.0,11.90095207616609,True,
2026-08-08T02:51:25.383505+00:00,poll,dense,/home/dhruv/Documents/Programming/event-driven-chat-server/poll(2)/server,direct,500,500,500,4,0,True,"2,4,5,6",True,3,10.0,25000.0,0,250000,249999,1,24999.9,249993,249999,24999.3,249999,24999.3,24999.9,24999.3,49.998599999999996,1,1.0,249999,0.202048,0.5265884999999998,2.0035350999999997,106.92769966,83.79999999999998,0.120648,1.0678923,2.673342119999996,0.643174,0.749288,0,0,0,0,False,none,False,,,,,0,,56730,249999,3,13,97,0,0,0,0,249999,0,249999,499998,0,249999,1499994,8999964,0,0,0,0,4e-06,0.9999759999039997,33.520134080536316,True,
2026-08-08T02:51:38.032308+00:00,epoll,dense,/home/dhruv/Documents/Programming/event-driven-chat-server/epoll/server,direct,500,500,500,4,0,True,"2,4,5,6",True,3,10.0,25000.0,0,250000,249981,19,24998.1,249981,249981,24998.1,249981,24998.1,24998.1,24998.1,49.996199999999995,1,1.0,249981,0.12128,1.072412,2.7491776000000048,106.83312154,26.799999999999997,0.39774,1.086239,2.5811318000000094,1.001268,0.291371,0,0,0,0,False,none,False,,,,,0,,139820,249981,1,4,139,0,0,0,0,249981,0,249981,499962,0,249981,1499886,8999316,0,0,0,0,7.6e-05,1.0,10.720814781923426,True,
2026-08-08T02:51:51.671983+00:00,poll,dense,/home/dhruv/Documents/Programming/event-driven-chat-server/poll(2)/server,direct,500,500,500,4,0,True,"2,4,5,6",True,3,10.0,50000.0,0,500000,498377,1623,49837.7,498040,498377,49804.0,498377,49804.0,49837.7,49804.0,99.608,1,1.0,498377,9.742163,12.219955399999996,14.293073319999975,365.2352939,99.6,0.428725,17.3595535,19.4446026,12.180709,1.206455,0,0,0,0,False,none,False,,,,,0,,22252,495848,16,59,432,0,0,0,0,498377,0,498377,992971,0,495848,2990262,17941572,0,0,0,0,0.003246,0.9993238050712613,19.9848708909119,True,
2026-08-08T02:52:05.593817+00:00,epoll,dense,/home/dhruv/Documents/Programming/event-driven-chat-server/epoll/server,direct,500,500,500,4,0,True,"2,4,5,6",True,3,10.0,50000.0,0,500000,499980,20,49998.0,499974,499980,49997.4,499980,49997.4,49998.0,49997.4,99.9948,1,1.0,499980,0.6458385,4.243007699999999,7.558725880000019,344.82469908,85.8,0.1210535,1.6946540499999985,3.394076490000001,6.345288,0.837229,0,0,0,0,False,none,False,,,,,0,,120820,499085,1,14,444,0,0,0,0,499980,0,499980,999061,0,499085,2999880,17999280,0,0,0,0,4e-05,0.9999879995199809,17.160686427457097,True,
2026-08-08T02:52:19.175880+00:00,poll,dense,/home/dhruv/Documents/Programming/event-driven-chat-server/poll(2)/server,direct,500,500,500,4,0,True,"2,4,5,6",True,3,10.0,100000.0,0,1000000,777292,222708,77729.2,776800,777292,77680.0,777292,77680.0,77729.2,77680.0,155.36,1,1.0,777292,6.1550235,38.1872739,65.06408268999989,385.73508161000007,99.89999999999999,19.314573,20.5282092,20.87936366,6.35962,1.854669,0,0,0,0,False,none,False,,,,,0,,12776,501094,28,102,497,0,0,0,0,777292,0,777292,1043483,0,501094,4663752,27982512,0,0,0,0,0.222708,0.9993670332384741,12.852312901715184,False,missed offer ratio 0.222708 above 0.010000; scheduler p99 20.879 ms above 20.000 ms; latency p99 65.064 ms above 50.000 ms
2026-08-08T02:52:33.128981+00:00,epoll,dense,/home/dhruv/Documents/Programming/event-driven-chat-server/epoll/server,direct,500,500,500,4,0,True,"2,4,5,6",True,3,10.0,100000.0,0,1000000,740137,259863,74013.7,739601,740137,73960.1,740137,73960.1,74013.7,73960.1,147.92020000000002,1,1.0,740137,5.680619,25.178306199999998,35.10456244,393.65628791,76.5,19.5404625,20.47961475,20.654329,2.657851,0.450283,0,0,0,0,False,none,False,,,,,0,,239201,705142,1,8,458,0,0,0,0,740137,0,740137,1422014,0,705142,4440822,26644932,0,0,0,0,0.259863,0.9992758097487358,10.335924295096719,False,missed offer ratio 0.259863 above 0.010000; scheduler p99 20.654 ms above 20.000 ms
2026-08-08T02:52:47.610714+00:00,poll,dense,/home/dhruv/Documents/Programming/event-driven-chat-server/poll(2)/server,direct,1000,1000,1000,4,0,True,"2,4,5,6",True,3,10.0,1000.0,0,10000,10000,0,1000.0,10000,10000,1000.0,10000,1000.0,1000.0,1000.0,1.0,1,1.0,10000,0.5183264999999999,1.1091045999999996,3.1462504600000023,21.29563436,50.9,0.6192685,1.46911555,2.8862713800000006,0.060775,0.992676,0,0,0,0,False,none,False,,,,,0,,9329,10000,1,2,5,0,0,0,0,10000,0,10000,20000,0,10000,60000,360000,0,0,0,0,0.0,1.0,509.0,True,
2026-08-08T02:53:00.672817+00:00,epoll,dense,/home/dhruv/Documents/Programming/event-driven-chat-server/epoll/server,direct,1000,1000,1000,4,0,True,"2,4,5,6",True,3,10.0,1000.0,0,10000,9999,1,999.9,9999,9999,999.9,9999,999.9,999.9,999.9,0.9999,1,1.0,9999,0.130446,0.9210911000000006,2.6903210600000036,18.28782163,5.1000000000000005,0.662812,1.5146024,3.151565100000007,0.117967,2.322784,0,0,0,0,False,none,False,,,,,0,,9587,9999,1,1,5,0,0,0,0,9999,0,9999,19998,0,9999,59994,359964,0,0,0,0,0.0001,1.0,51.00510051005101,True,
2026-08-08T02:53:13.867857+00:00,poll,dense,/home/dhruv/Documents/Programming/event-driven-chat-server/poll(2)/server,direct,1000,1000,1000,4,0,True,"2,4,5,6",True,3,10.0,5000.0,0,50000,49998,2,4999.8,49996,49998,4999.6,49998,4999.6,4999.8,4999.6,4.9996,1,1.0,49998,0.45901000000000003,1.035305099999999,3.275469329999999,54.06845978,86.8,0.4117645,1.5237600999999998,3.0616911399999918,0.216105,0.693123,0,0,0,0,False,none,False,,,,,0,,21192,49998,2,5,40,0,0,0,0,49998,0,49998,99996,0,49998,299988,1799928,0,0,0,0,4e-05,0.999959998399936,173.6069442777711,True,
2026-08-08T02:53:27.326173+00:00,epoll,dense,/home/dhruv/Documents/Programming/event-driven-chat-server/epoll/server,direct,1000,1000,1000,4,0,True,"2,4,5,6",True,3,10.0,5000.0,0,50000,49997,3,4999.7,49997,49997,4999.7,49997,4999.7,4999.7,4999.7,4.9997,1,1.0,49997,0.078918,0.9542611999999986,2.5904666400000003,47.59510166,9.3,0.531394,1.1901092,2.8449434400000024,0.337852,0.887336,0,0,0,0,False,none,False,,,,,0,,38794,49997,1,2,22,0,0,0,0,49997,0,49997,99994,0,49997,299982,1799892,0,0,0,0,6e-05,1.0,18.601116066964018,True,
2026-08-08T02:53:41.009124+00:00,poll,dense,/home/dhruv/Documents/Programming/event-driven-chat-server/poll(2)/server,direct,1000,1000,1000,4,0,True,"2,4,5,6",True,3,10.0,10000.0,0,100000,100000,0,10000.0,99994,100000,9999.4,100000,9999.4,10000.0,9999.4,9.9994,1,1.0,100000,0.5060255,1.1525697999999989,3.3229122,100.43551089,98.69999999999999,0.2517645,1.4069144,3.03002812,0.53821,1.126377,0,0,0,0,False,none,False,,,,,0,,24708,100000,4,9,68,0,0,0,0,100000,0,100000,200000,0,100000,600000,3600000,0,0,0,0,0.0,0.99994,98.69999999999997,True,
2026-08-08T02:53:54.709779+00:00,epoll,dense,/home/dhruv/Documents/Programming/event-driven-chat-server/epoll/server,direct,1000,1000,1000,4,0,True,"2,4,5,6",True,3,10.0,10000.0,0,100000,99999,1,9999.9,99992,99999,9999.2,99999,9999.2,9999.9,9999.2,9.9992,1,1.0,99999,0.105644,1.295764499999998,2.8351294400000038,71.16416543,13.3,0.495833,1.1757110999999996,2.8684548800000007,0.633029,1.481076,0,0,0,0,False,none,False,,,,,0,,66662,99999,1,3,39,0,0,0,0,99999,0,99999,199998,0,99999,599994,3599964,0,0,0,0,1e-05,0.999929999299993,13.300133001330014,True,
2026-08-08T02:54:08.315767+00:00,poll,dense,/home/dhruv/Documents/Programming/event-driven-chat-server/poll(2)/server,direct,1000,1000,1000,4,0,True,"2,4,5,6",True,3,10.0,25000.0,0,250000,249998,2,24999.8,249986,249998,24998.6,249998,24998.6,24999.8,24998.6,24.9986,1,1.0,249998,0.5000555,1.0840667499999999,2.4657730599999974,144.76437246,100.0,0.145008,0.8524576999999997,2.66519394,0.772568,2.854007,0,0,0,0,False,none,False,,,,,0,,23355,249998,10,21,142,0,0,0,0,249998,0,249998,499996,0,249998,1499988,8999928,0,0,0,0,8e-06,0.9999519996159969,40.000320002560024,True,
2026-08-08T02:54:22.227255+00:00,epoll,dense,/home/dhruv/Documents/Programming/event-driven-chat-server/epoll/server,direct,1000,1000,1000,4,0,True,"2,4,5,6",True,3,10.0,25000.0,0,250000,249984,16,24998.4,249977,249984,24997.7,249984,24997.7,24998.4,24997.7,24.997700000000002,1,1.0,249984,0.25240850000000004,2.206498049999998,3.613558069999996,176.91622102,43.2,0.30760350000000003,1.4799535499999985,3.0605825099999984,2.779546,1.62608,0,0,0,0,False,none,False,,,,,0,,119322,249984,1,6,123,0,0,0,0,249984,0,249984,499968,0,249984,1499904,8999424,0,0,0,0,6.4e-05,0.9999719982078853,17.28110599078341,True,
2026-08-08T02:54:36.973300+00:00,poll,dense,/home/dhruv/Documents/Programming/event-driven-chat-server/poll(2)/server,direct,1000,1000,1000,4,0,True,"2,4,5,6",True,3,10.0,50000.0,0,500000,491978,8022,49197.8,491303,491978,49130.3,491978,49130.3,49197.8,49130.3,49.130300000000005,1,1.0,491978,7.157042000000001,23.45424395,40.12899729,377.67881394,99.8,1.319191,19.37116735,20.13364094,11.843938,3.607334,0,0,0,0,False,none,False,,,,,0,,4942,486533,82,208,938,0,0,0,0,491978,0,491978,976275,0,486533,2951868,17711208,0,0,0,0,0.016044,0.9986279874303322,20.285459918939466,False,missed offer ratio 0.016044 above 0.010000; scheduler p99 20.134 ms above 20.000 ms
2026-08-08T02:54:52.303828+00:00,epoll,dense,/home/dhruv/Documents/Programming/event-driven-chat-server/epoll/server,direct,1000,1000,1000,4,0,True,"2,4,5,6",True,3,10.0,50000.0,0,500000,499992,8,49999.2,499732,499992,49973.2,499992,49973.2,49999.2,49973.2,49.9732,1,1.0,499992,0.565122,20.85238815,23.325317079999994,327.78455084999996,78.9,0.1125845,1.8425774999999969,4.163409169999974,7.152519,2.36295,0,0,0,0,False,none,False,,,,,0,,166990,498098,1,8,979,0,0,0,0,499992,0,499992,997673,0,498098,2999952,17999712,0,0,0,0,1.6e-05,0.9994799916798669,15.780252484039744,True,
2026-08-08T02:55:06.773067+00:00,epoll,dense,/home/dhruv/Documents/Programming/event-driven-chat-server/epoll/server,direct,1000,1000,1000,4,0,True,"2,4,5,6",True,3,10.0,100000.0,0,1000000,687988,312012,68798.8,686738,687988,68673.8,687988,68673.8,68798.8,68673.8,68.6738,1,1.0,687988,10.626643999999999,42.68111335000002,70.39320935,394.51652991000003,88.2,19.65183,20.6454324,21.072344519999998,7.670306,0.891882,0,0,0,0,False,none,False,,,,,0,,111885,585214,1,13,940,0,0,0,0,687799,0,687799,1197316,0,585214,4126794,24760764,0,0,0,0,0.312012,0.9981831078449043,12.81999104635546,False,missed offer ratio 0.312012 above 0.010000; scheduler p99 21.072 ms above 20.000 ms; latency p99 70.393 ms above 50.000 ms
2026-08-08T02:55:20.233329+00:00,poll,broadcast,/home/dhruv/Documents/Programming/event-driven-chat-server/poll(2)/server,broadcast,10,10,10,4,0,True,"2,4,5,6",True,3,10.0,100.0,128,1000,1000,0,100.0,1000,1000,100.0,9000,899.4,100.0,899.4,89.94,9,1.0,1000,0.326153,2.096422799999997,3.1871368699999962,9.22270731,1.3,0.8734195,2.4446917,3.45065087,0.370082,2.524043,0,0,0,0,False,none,False,,,,,0,,1000,1000,1,1,1,0,0,0,0,9000,0,9000,2000,0,1000,163890,1583010,0,0,0,0,0.0,1.0,130.0,True,
2026-08-08T02:55:32.564751+00:00,epoll,broadcast,/home/dhruv/Documents/Programming/event-driven-chat-server/epoll/server,broadcast,10,10,10,4,0,True,"2,4,5,6",True,3,10.0,100.0,128,1000,1000,0,100.0,1000,1000,100.0,9000,899.4,100.0,899.4,89.94,9,1.0,1000,0.405803,2.038895749999996,3.1465317899999996,11.207228229999998,1.5,1.0364944999999999,2.6158307,3.6357213699999997,0.286361,1.79835,0,0,0,0,False,none,False,,,,,0,,1000,1000,1,1,1,0,0,0,0,9000,0,9000,2000,0,1000,163890,1583010,0,0,0,0,0.0,1.0,150.0,True,
2026-08-08T02:55:44.746204+00:00,poll,broadcast,/home/dhruv/Documents/Programming/event-driven-chat-server/poll(2)/server,broadcast,10,10,10,4,0,True,"2,4,5,6",True,3,10.0,500.0,128,5000,5000,0,500.0,4996,5000,499.6,45000,4495.2,500.0,4495.2,449.52,9,1.0,5000,2.2372025,5.118671800000003,21.95411735,16.22228323,4.1000000000000005,0.7048775,1.8222175999999999,3.39966774,0.098344,0.822091,0,0,0,0,False,none,False,,,,,0,,4898,5000,1,1,3,0,0,0,0,45000,0,45000,10000,0,5000,823890,7955010,0,0,0,0,0.0,0.9992,82.00000000000001,True,
2026-08-08T02:55:56.977736+00:00,epoll,broadcast,/home/dhruv/Documents/Programming/event-driven-chat-server/epoll/server,broadcast,10,10,10,4,0,True,"2,4,5,6",True,3,10.0,500.0,128,5000,5000,0,500.0,4998,5000,499.8,45000,4495.5,500.0,4495.5,449.55,9,1.0,5000,2.247898,4.745892300000002,21.856836340000005,16.237342090000002,3.6999999999999997,0.655856,1.90088165,2.9266716400000004,0.097919,3.030098,0,0,0,0,False,none,False,,,,,0,,4891,5000,1,1,3,0,0,0,0,45000,0,45000,10000,0,5000,823890,7955010,0,0,0,0,0.0,0.9996,74.0,True,
2026-08-08T02:56:09.197451+00:00,poll,broadcast,/home/dhruv/Documents/Programming/event-driven-chat-server/poll(2)/server,broadcast,10,10,10,4,0,True,"2,4,5,6",True,3,10.0,1000.0,128,10000,10000,0,1000.0,9999,10000,999.9,90000,8995.5,1000.0,8995.5,899.55,9,1.0,10000,1.3238569999999998,10.36702195,11.54947361,30.84770617,6.100000000000001,0.6985855000000001,1.779859049999989,3.58749684,0.268928,0.916932,0,0,0,0,False,none,False,,,,,0,,9430,10000,1,1,5,0,0,0,0,90000,0,90000,20000,0,10000,1648890,15920010,0,0,0,0,0.0,0.9999,61.000000000000014,True,
2026-08-08T02:56:21.798356+00:00,epoll,broadcast,/home/dhruv/Documents/Programming/event-driven-chat-server/epoll/server,broadcast,10,10,10,4,0,True,"2,4,5,6",True,3,10.0,1000.0,128,10000,10000,0,1000.0,9999,10000,999.9,90000,8995.5,1000.0,8995.5,899.55,9,1.0,10000,1.2221134999999999,9.195577799999999,11.102165740000004,23.961322640000002,4.5,0.6168864999999999,1.4546172999999998,3.00095183,0.255491,0.989054,0,0,0,0,False,none,False,,,,,0,,9744,10000,1,1,4,0,0,0,0,90000,0,90000,20000,0,10000,1648890,15920010,0,0,0,0,0.0,0.9999,45.0,True,
2026-08-08T02:56:33.876686+00:00,poll,broadcast,/home/dhruv/Documents/Programming/event-driven-chat-server/poll(2)/server,broadcast,10,10,10,4,0,True,"2,4,5,6",True,3,10.0,5000.0,128,50000,49995,5,4999.5,49988,49995,4998.8,449955,44989.6,4999.5,44989.6,4498.96,9,1.0,49995,1.213445,2.8721663,4.131662739999998,71.00959521,11.799999999999999,0.515744,1.1363753999999997,2.814972819999998,0.675809,0.868595,0,0,0,0,False,none,False,,,,,0,,40764,48815,1,2,10,0,0,0,0,449955,0,449955,98721,0,48815,8288060,79992000,0,0,0,0,0.0001,0.9998599859985998,23.602360236023596,True,
2026-08-08T02:56:46.145969+00:00,epoll,broadcast,/home/dhruv/Documents/Programming/event-driven-chat-server/epoll/server,broadcast,10,10,10,4,0,True,"2,4,5,6",True,3,10.0,5000.0,128,50000,49996,4,4999.6,49991,49996,4999.1,449964,44991.5,4999.6,44991.5,4499.15,9,1.0,49996,1.1959054999999998,2.871188,4.139350300000005,66.2371985,10.700000000000001,0.5236594999999999,1.1367515,2.7818141000000027,0.497401,0.703396,0,0,0,0,False,none,False,,,,,0,,40602,48573,1,2,10,0,0,0,0,449964,0,449964,98510,0,48573,8288226,79993602,0,0,0,0,8e-05,0.99989999199936,21.40171213697096,True,
2026-08-08T02:56:58.398885+00:00,poll,broadcast,/home/dhruv/Documents/Programming/event-driven-chat-server/poll(2)/server,broadcast,10,10,10,4,0,True,"2,4,5,6",True,3,10.0,10000.0,128,100000,99998,2,9999.8,99989,99998,9998.9,899982,89989.4,9999.8,89989.4,8998.939999999999,9,1.0,99998,0.818832,1.9430036,3.426855379999999,96.82567508,18.8,0.4562745,1.1363047999999991,3.0506784099999997,1.774497,0.387143,0,0,0,0,False,none,False,,,,,0,,79633,95613,1,2,10,0,0,0,0,899881,0,899985,194444,0,95606,16588392,160095204,0,0,1776,10,2e-05,0.999909998199964,18.80037600752015,True,
2026-08-08T02:57:10.596392+00:00,epoll,broadcast,/home/dhruv/Documents/Programming/event-driven-chat-server/epoll/server,broadcast,10,10,10,4,0,True,"2,4,5,6",True,3,10.0,10000.0,128,100000,99996,4,9999.6,99990,99996,9999.0,899964,89991.1,9999.6,89991.1,8999.11,9,1.0,99996,0.8200775,1.760409,3.120328450000002,77.58438348000001,13.599999999999998,0.454141,1.06363075,2.62181040000001,3.406437,1.824223,0,0,0,0,False,none,False,,,,,0,,79092,94865,1,2,10,0,0,2,0,899963,0,899965,193535,0,94865,16588226,160093602,0,0,174,1,4e-05,0.999939997599904,13.600544021760868,True,
2026-08-08T02:57:22.922552+00:00,poll,broadcast,/home/dhruv/Documents/Programming/event-driven-chat-server/poll(2)/server,broadcast,10,10,10,4,0,True,"2,4,5,6",True,3,10.0,25000.0,128,250000,242568,7432,24256.8,237566,237576,23756.6,2130753,213066.4,24256.8,213066.4,21306.64,9,0.9760163473060475,237576,0.4349065,2.1933925,3.8917175,194.55215008,36.199999999999996,0.482502,1.1448585,2.8877005499999973,1.65622,0.7838,3,2,0,0,False,none,False,,,,,3,,166630,214498,1,2,10,0,0,0,0,2044114,0,2133788,446773,0,213040,40395742,380405208,3,3,16331,92,0.029728,0.9793789782658884,15.237229349765968,False,unexpected disconnects: 3; unexpected send errors: 2; delivery ratio 0.976016 below 0.999000; deadline completion ratio 0.979379 below 0.990000; missed offer ratio 0.029728 above 0.010000; unexpected queue overflows: 3
2026-08-08T02:57:35.396127+00:00,epoll,broadcast,/home/dhruv/Documents/Programming/event-driven-chat-server/epoll/server,broadcast,10,10,10,4,0,True,"2,4,5,6",True,3,10.0,25000.0,128,250000,249394,606,24939.4,248731,248744,24873.1,2239395,223930.2,24939.4,223930.2,22393.02,9,0.9977051038383709,248744,0.42005899999999996,1.8082100499999996,3.588285120000003,206.70590586999998,37.0,0.487475,1.2318150499999996,3.332450699999985,1.621693,1.087368,2,1,0,0,False,none,False,,,,,2,,186427,231248,1,2,10,0,0,3230,2,2178190,0,2241503,473950,0,230225,41533012,399851947,2,2,16373,92,0.002424,0.9973415559315781,14.87473064676937,False,unexpected disconnects: 2; unexpected send errors: 1; delivery ratio 0.997705 below 0.999000; unexpected queue overflows: 2
2026-08-08T02:57:47.898128+00:00,poll,broadcast,/home/dhruv/Documents/Programming/event-driven-chat-server/poll(2)/server,broadcast,100,100,100,4,0,True,"2,4,5,6",True,3,10.0,100.0,128,1000,1000,0,100.0,1000,1000,100.0,99000,9899.4,100.0,9899.4,98.994,99,1.0,1000,0.65309,2.0928643999999994,3.4519349499999996,22.725432640000005,5.800000000000001,1.022748,2.0105782999999997,3.01504483,2.963426,0.538642,0,0,0,0,False,none,False,,,,,0,,1000,1000,1,1,1,0,0,0,0,99000,0,99000,2000,0,1000,166790,17789310,0,0,0,0,0.0,1.0,580.0000000000001,True,
2026-08-08T02:57:59.898723+00:00,epoll,broadcast,/home/dhruv/Documents/Programming/event-driven-chat-server/epoll/server,broadcast,100,100,100,4,0,True,"2,4,5,6",True,3,10.0,100.0,128,1000,1000,0,100.0,1000,1000,100.0,99000,9899.4,100.0,9899.4,98.994,99,1.0,1000,0.584151,2.159448949999999,3.19053358,22.4588024,4.7,0.986486,2.0308957999999997,3.74839724,0.812393,0.91758,0,0,0,0,False,none,False,,,,,0,,1000,1000,1,1,1,0,0,0,0,99000,0,99000,2000,0,1000,166790,17789310,0,0,0,0,0.0,1.0,470.0,True,
2026-08-08T02:58:11.926167+00:00,poll,broadcast,/home/dhruv/Documents/Programming/event-driven-chat-server/poll(2)/server,broadcast,100,100,100,4,0,True,"2,4,5,6",True,3,10.0,500.0,128,5000,5000,0,500.0,4998,5000,499.8,495000,49418.1,500.0,49418.1,494.181,99,1.0,5000,2.1731205,3.310511750000004,36.08243789000001,31.730397840000002,9.2,0.6325745,1.0858336,2.6436778300000006,0.56663,1.087658,0,0,0,0,False,none,False,,,,,0,,4931,5000,1,1,3,0,0,0,0,495000,0,495000,10000,0,5000,838390,89386110,0,0,0,0,0.0,0.9996,184.0,True,
2026-08-08T02:58:23.947258+00:00,epoll,broadcast,/home/dhruv/Documents/Programming/event-driven-chat-server/epoll/server,broadcast,100,100,100,4,0,True,"2,4,5,6",True,3,10.0,500.0,128,5000,5000,0,500.0,4998,5000,499.8,495000,49421.0,500.0,49421.0,494.21,99,1.0,5000,2.1650495,3.1885070500000032,35.283703040000006,32.737024139999995,8.799999999999999,0.5898205000000001,1.1040622000000002,2.5451741400000083,0.531284,1.006678,0,0,0,0,False,none,False,,,,,0,,4955,5000,1,1,2,0,0,0,0,495000,0,495000,10000,0,5000,838390,89386110,0,0,0,0,0.0,0.9996,175.99999999999997,True,
2026-08-08T02:58:35.971664+00:00,poll,broadcast,/home/dhruv/Documents/Programming/event-driven-chat-server/poll(2)/server,broadcast,100,100,100,4,0,True,"2,4,5,6",True,3,10.0,1000.0,128,10000,10000,0,1000.0,9999,10000,999.9,990000,98920.9,1000.0,98920.9,989.209,99,1.0,10000,1.2448670000000002,16.378148799999998,18.15506127,60.87772643,14.7,0.571075,1.067778,2.44907909,0.981888,0.867503,0,0,0,0,False,none,False,,,,,0,,9749,10000,1,1,5,0,0,0,0,990000,0,990000,20000,0,10000,1677890,178882110,0,0,0,0,0.0,0.9999,147.0,True,
2026-08-08T02:58:48.005962+00:00,epoll,broadcast,/home/dhruv/Documents/Programming/event-driven-chat-server/epoll/server,broadcast,100,100,100,4,0,True,"2,4,5,6",True,3,10.0,1000.0,128,10000,10000,0,1000.0,9998,10000,999.8,990000,98911.1,1000.0,98911.1,989.1110000000001,99,1.0,10000,1.2468355,16.876014849999997,18.30099504,59.98563552,11.7,0.5951215,1.0640386,2.5616436800000018,1.012318,0.657451,0,0,0,0,False,none,False,,,,,0,,9628,10000,1,1,5,0,0,0,0,990000,0,990000,20000,0,10000,1677890,178882110,0,0,0,0,0.0,0.9998,117.0,True,
2026-08-08T02:59:00.075465+00:00,poll,broadcast,/home/dhruv/Documents/Programming/event-driven-chat-server/poll(2)/server,broadcast,100,100,100,4,0,True,"2,4,5,6",True,3,10.0,5000.0,128,50000,45170,4830,4517.0,45073,45170,4507.3,4471830,446224.1,4517.0,446224.1,4462.241,99,1.0,45170,5.018625999999999,20.707204099999988,30.96526830999998,329.94994827,62.5,1.5418025,23.577752199999995,29.539926219999952,33.438357,1.090318,0,0,0,0,False,none,False,,,,,0,,15403,45310,1,12,100,0,0,0,0,4460769,0,4467877,90308,0,45140,7617646,811071830,0,0,9978,55,0.0966,0.9978525570068629,138.3661722382112,False,missed offer ratio 0.096600 above 0.010000; scheduler p99 29.540 ms above 20.000 ms; read-service gap 33.438 ms above 20.000 ms
2026-08-08T02:59:12.337461+00:00,epoll,broadcast,/home/dhruv/Documents/Programming/event-driven-chat-server/epoll/server,broadcast,100,100,100,4,0,True,"2,4,5,6",True,3,10.0,5000.0,128,50000,46329,3671,4632.9,46285,46329,4628.5,4586571,458218.3,4632.9,458218.3,4582.183,99,1.0,46329,5.133165,19.036859999999997,28.855053840000018,349.98171921,64.39999999999999,1.7116025000000001,22.009412299999997,28.023557429999975,27.070596,0.490339,0,0,0,0,False,none,False,,,,,0,,14905,46447,1,13,100,0,0,308,0,4584714,0,4586725,92658,0,46329,7814022,832739391,0,0,4356,24,0.07342,0.9990502708886443,139.00580629843077,False,missed offer ratio 0.073420 above 0.010000; scheduler p99 28.024 ms above 20.000 ms; read-service gap 27.071 ms above 20.000 ms
2026-08-08T02:59:24.798417+00:00,poll,broadcast,/home/dhruv/Documents/Programming/event-driven-chat-server/poll(2)/server,broadcast,500,500,500,4,0,True,"2,4,5,6",True,3,10.0,100.0,128,1000,1000,0,100.0,1000,1000,100.0,499000,49899.4,100.0,49899.4,99.7988,499,1.0,1000,1.8471980000000001,3.9755305499999998,6.24411485,80.50507179,24.6,0.6219805,1.6056689,2.2077924399999995,4.334467,0.412426,0,0,0,0,False,none,False,,,,,0,,1000,1000,1,1,1,0,0,0,0,499000,0,499000,2000,0,1000,167670,90543550,0,0,0,0,0.0,1.0,2460.0,True,
2026-08-08T02:59:36.899693+00:00,epoll,broadcast,/home/dhruv/Documents/Programming/event-driven-chat-server/epoll/server,broadcast,500,500,500,4,0,True,"2,4,5,6",True,3,10.0,100.0,128,1000,1000,0,100.0,1000,1000,100.0,499000,49899.4,100.0,49899.4,99.7988,499,1.0,1000,1.8366544999999999,4.034293849999999,5.784596509999999,94.04686290000001,22.7,0.6762385,1.3398752499999977,2.58079407,6.241695,0.678791,0,0,0,0,False,none,False,,,,,0,,1000,1000,1,1,1,0,0,0,0,499000,0,499000,2000,0,1000,167670,90543550,0,0,0,0,0.0,1.0,2270.0,True,
2026-08-08T02:59:49.028966+00:00,poll,broadcast,/home/dhruv/Documents/Programming/event-driven-chat-server/poll(2)/server,broadcast,500,500,500,4,0,True,"2,4,5,6",True,3,10.0,500.0,128,5000,4996,4,499.6,4989,4996,498.9,2493004,248807.6,499.6,248807.6,497.6152,499,1.0,4996,2.4114899999999997,46.459031249999995,58.55570130000003,200.58649357000002,64.39999999999999,0.571619,4.065527600000005,10.279986360000018,34.892627,0.89879,0,0,0,0,False,none,False,,,,,0,,4365,4996,1,2,31,0,0,0,0,2493004,0,2493004,9992,0,4996,842118,454570038,0,0,0,0,0.0008,0.9985988791032826,1289.0312249799838,False,latency p99 58.556 ms above 50.000 ms; read-service gap 34.893 ms above 20.000 ms
2026-08-08T03:00:01.300852+00:00,epoll,broadcast,/home/dhruv/Documents/Programming/event-driven-chat-server/epoll/server,broadcast,500,500,500,4,0,True,"2,4,5,6",True,3,10.0,500.0,128,5000,5000,0,500.0,4997,5000,499.7,2495000,249047.8,500.0,249047.8,498.0956,499,1.0,5000,2.272681,36.56692865,39.2478701,166.50859687000002,51.0,0.5308714999999999,1.5357548000000008,2.8913643000000193,5.674878,4.02515,0,0,0,0,False,none,False,,,,,0,,4806,5000,1,1,6,0,0,0,0,2495000,0,2495000,10000,0,5000,842790,454933310,0,0,0,0,0.0,0.9994,1020.0,True,
2026-08-08T03:00:13.586280+00:00,epoll,broadcast,/home/dhruv/Documents/Programming/event-driven-chat-server/epoll/server,broadcast,500,500,500,4,0,True,"2,4,5,6",True,3,10.0,1000.0,128,10000,9017,983,901.7,9007,9017,900.7,4499483,449330.0,901.7,449330.0,898.66,499,1.0,9017,18.250604,48.650828399999966,85.79297403999999,358.49743063,77.50000000000001,2.665488,26.49992019999997,41.28010808000006,119.480893,4.630712,0,0,0,0,False,none,False,,,,,0,,3725,10846,1,6,500,0,0,1762,0,4424643,0,4501483,18034,0,9017,1520851,820900908,0,0,14001,78,0.0983,0.9988909836974603,859.4876344682268,False,missed offer ratio 0.098300 above 0.010000; scheduler p99 41.280 ms above 20.000 ms; latency p99 85.793 ms above 50.000 ms; read-service gap 119.481 ms above 20.000 ms
